
32851|Nissin Wafer Krim Rasa Strawberry|Nissin Biscuit Indonesia, PT|null|33283|Nissin Kukis Gulung Crispy Roll |Nissin Biscuit Indonesia, PT|null|seeAlso
32851|Nissin Wafer Krim Rasa Strawberry|Nissin Biscuit Indonesia, PT|null|24897|Khong Guan Biskuit Dengan Krim Susu Rose Cream |Nissin Biscuit Indonesia, PT|null|seeAlso
32851|Nissin Wafer Krim Rasa Strawberry|Nissin Biscuit Indonesia, PT|null|33127|Nissin Wafer Krim Rasa Pisang|Nissin Biscuit Indonesia, PT|null|owlsameAs
32851|Nissin Wafer Krim Rasa Strawberry|Nissin Biscuit Indonesia, PT|null|31979|Monde Party Time Cookies Aneka Rasa|Nissin Biscuit Indonesia, PT|null|seeAlso
32851|Nissin Wafer Krim Rasa Strawberry|Nissin Biscuit Indonesia, PT|null|33395|Nissin Biskuit Kering |Nissin Biscuit Indonesia, PT|null|seeAlso

23611|John Farmer Peanut Butter Creamy 27|GUNANUSA ERAMANDIRI, PT|null|23586|John Farmer Peanut Butter Creamy 02|GUNANUSA ERAMANDIRI, PT|null|owlsameAs
23611|John Farmer Peanut Butter Creamy 27|GUNANUSA ERAMANDIRI, PT|null|22346|John Farmer Almond Pasta Mix Chunky 02|GUNANUSA ERAMANDIRI, PT|null|seeAlso
23611|John Farmer Peanut Butter Creamy 27|GUNANUSA ERAMANDIRI, PT|null|22568|John Farmer Almond Pasta 03|GUNANUSA ERAMANDIRI, PT|null|seeAlso
23611|John Farmer Peanut Butter Creamy 27|GUNANUSA ERAMANDIRI, PT|null|23577|John Farmer Peanut Butter Creamy 06|GUNANUSA ERAMANDIRI, PT|null|owlsameAs
23611|John Farmer Peanut Butter Creamy 27|GUNANUSA ERAMANDIRI, PT|null|23562|John Farmer Peanut Butter Creamy 19|GUNANUSA ERAMANDIRI, PT|null|owlsameAs

21973|Isolated Soy Protein YP901Q|Shandong Yuwang Ecological Food Industry Co.,Ltd|null|21969|Isolated Soy Protein YP901M|Shandong Yuwang Ecological Food Industry Co.,Ltd|null|owlsameAs
21973|Isolated Soy Protein YP901Q|Shandong Yuwang Ecological Food Industry Co.,Ltd|null|43282|Soy Dietary Fiber YP301F|Shandong Yuwang Ecological Food Industry Co.,Ltd|null|seeAlso
21973|Isolated Soy Protein YP901Q|Shandong Yuwang Ecological Food Industry Co.,Ltd|null|37689|Protein Soy Concentrated YP701C|Shandong Yuwang Ecological Food Industry Co.,Ltd|null|seeAlso
21973|Isolated Soy Protein YP901Q|Shandong Yuwang Ecological Food Industry Co.,Ltd|null|37690|Protein Soy Concentrated YP701F|Shandong Yuwang Ecological Food Industry Co.,Ltd|null|seeAlso
21973|Isolated Soy Protein YP901Q|Shandong Yuwang Ecological Food Industry Co.,Ltd|null|21967|Isolated Soy Protein YP901K|Shandong Yuwang Ecological Food Industry Co.,Ltd|null|owlsameAs
21973|Isolated Soy Protein YP901Q|Shandong Yuwang Ecological Food Industry Co.,Ltd|null|21970|Isolated Soy Protein YP901L|Shandong Yuwang Ecological Food Industry Co.,Ltd|null|owlsameAs

40514|SARDINES IN OIL MAXBELL|PT GEMA ISTA RAYA|null|40642|SARDINES IN OIL KHOSH|PT GEMA ISTA RAYA|null|owlsameAs

21039|Hydrolyzed Vegetable Protein Powder HVP EB |Baoding Way Chein Food Industrial Co.,Ltd.|null|16196|Fermented Soy Sauce Powder FSP AI |Baoding Way Chein Food Industrial Co.,Ltd.|null|seeAlso
21039|Hydrolyzed Vegetable Protein Powder HVP EB |Baoding Way Chein Food Industrial Co.,Ltd.|null|21012|Hydrolyzed Vegetable Protein Powder HVP IO |Baoding Way Chein Food Industrial Co.,Ltd.|null|owlsameAs
21039|Hydrolyzed Vegetable Protein Powder HVP EB |Baoding Way Chein Food Industrial Co.,Ltd.|null|20948|Hydrolyzed Vegetable Protein Powder HVP ET |Baoding Way Chein Food Industrial Co.,Ltd.|null|owlsameAs
21039|Hydrolyzed Vegetable Protein Powder HVP EB |Baoding Way Chein Food Industrial Co.,Ltd.|null|16309|Fermented Soy Sauce Powder FSP AW |Baoding Way Chein Food Industrial Co.,Ltd.|null|seeAlso
21039|Hydrolyzed Vegetable Protein Powder HVP EB |Baoding Way Chein Food Industrial Co.,Ltd.|null|16592|Fermented Soy Sauce Powder FSP EF|Baoding Way Chein Food Industrial Co.,Ltd.|null|seeAlso

33799|Original Love Juice Minuman Buah Apel Less Sugar |HALE INTERNATIONAL, PT|null|33813|Original Love Juice Minuman Buah Jeruk Favorit |HALE INTERNATIONAL, PT|null|owlsameAs
33799|Original Love Juice Minuman Buah Apel Less Sugar |HALE INTERNATIONAL, PT|null|31293|Minuman Air Kelapa dengan Aloe Vera|HALE INTERNATIONAL, PT|null|seeAlso
33799|Original Love Juice Minuman Buah Apel Less Sugar |HALE INTERNATIONAL, PT|null|47480|Vitan Makerel dalam Saos Tomat Vitan Macekrel in Tomato Sauce |PT Indocitra Jaya Samudera|null|seeAlso

37404|Pusan Muffin Rasa Pandan|PUSAN MANIS MULIA, PT|null|37744|Pusan Muffin|PUSAN MANIS MULIA, PT|null|owlsameAs

20718|Haldin Mangosteen Rind Glycolic Extract|Haldin Pacific Semesta,PT|null|20264|Haldin Tea Extract 10002640|Haldin Pacific Semesta,PT|null|seeAlso
20718|Haldin Mangosteen Rind Glycolic Extract|Haldin Pacific Semesta,PT|null|42595|Siwak Extract|Haldin Pacific Semesta,PT|null|seeAlso
20718|Haldin Mangosteen Rind Glycolic Extract|Haldin Pacific Semesta,PT|null|20272|Haldin Mangosteen SD Powde|Haldin Pacific Semesta,PT|null|owlsameAs
20718|Haldin Mangosteen Rind Glycolic Extract|Haldin Pacific Semesta,PT|null|11556|Coconut Water SD Powder Organic|Haldin Pacific Semesta,PT|null|seeAlso
20718|Haldin Mangosteen Rind Glycolic Extract|Haldin Pacific Semesta,PT|null|20104|Haldin Yohimbee Glycolic Extract|Haldin Pacific Semesta,PT|null|seeAlso

9697|COCO DARK CHOCOLATE COATED CRANBERRY|NETWORK FOODS INDUSTRIES SDN BHD|null|9711|COCO DARK CHOCOLATE COATED ALMOND|NETWORK FOODS INDUSTRIES SDN BHD|null|owlsameAs
9697|COCO DARK CHOCOLATE COATED CRANBERRY|NETWORK FOODS INDUSTRIES SDN BHD|null|10018|COCO MILK CHOCO RICE CEREAL|NETWORK FOODS INDUSTRIES SDN BHD|null|seeAlso
9697|COCO DARK CHOCOLATE COATED CRANBERRY|NETWORK FOODS INDUSTRIES SDN BHD|null|9568|COCO COKELAT SUSU DENGAN SEREAL BERAS DAN KACANG ALMOND|NETWORK FOODS INDUSTRIES SDN BHD|null|seeAlso
9697|COCO DARK CHOCOLATE COATED CRANBERRY|NETWORK FOODS INDUSTRIES SDN BHD|null|9539|COCO DARK CHOCOLATE COATED HAZEL|NETWORK FOODS INDUSTRIES SDN BHD|null|owlsameAs
9697|COCO DARK CHOCOLATE COATED CRANBERRY|NETWORK FOODS INDUSTRIES SDN BHD|null|9589|COCO DARK CHOCOLATE COATED MACADAMIA|NETWORK FOODS INDUSTRIES SDN BHD|null|owlsameAs

20430|Haldin Temu Giring Extract|Haldin Pacific Semesta,PT|null|20670|Haldin Suji Leaf SD Powder|Haldin Pacific Semesta,PT|null|seeAlso
20430|Haldin Temu Giring Extract|Haldin Pacific Semesta,PT|null|20060|Haldin Tamarind Liquid Extract|Haldin Pacific Semesta,PT|null|owlsameAs
20430|Haldin Temu Giring Extract|Haldin Pacific Semesta,PT|null|20269|Haldin Lerak Glycolic Extract|Haldin Pacific Semesta,PT|null|seeAlso
20430|Haldin Temu Giring Extract|Haldin Pacific Semesta,PT|null|20306|Haldin Pure Vanilla Pandan Powder|Haldin Pacific Semesta,PT|null|seeAlso
20430|Haldin Temu Giring Extract|Haldin Pacific Semesta,PT|null|20559|Haldin Melon Liquid Extract|Haldin Pacific Semesta,PT|null|owlsameAs

11716|Choice L Bumbu Rendang padang|PT Pristine Prima Lestari|null|37912|Prima Freshmart Lada Putih|PT Pristine Prima Lestari|null|seeAlso
11716|Choice L Bumbu Rendang padang|PT Pristine Prima Lestari|null|36123|Pazar Bumbu Pepes Ikan|PT Pristine Prima Lestari|null|seeAlso
11716|Choice L Bumbu Rendang padang|PT Pristine Prima Lestari|null|11613|Choice L Bumbu Sayur Asem|PT Pristine Prima Lestari|null|seeAlso
11716|Choice L Bumbu Rendang padang|PT Pristine Prima Lestari|null|36153|Pazar Bawang Putih Bubuk|PT Pristine Prima Lestari|null|seeAlso
11716|Choice L Bumbu Rendang padang|PT Pristine Prima Lestari|null|11565|Choice L Bumbu Semur|PT Pristine Prima Lestari|null|owlsameAs
11716|Choice L Bumbu Rendang padang|PT Pristine Prima Lestari|null|11338|Choice L Bumbu Ayam Goreng|PT Pristine Prima Lestari|null|owlsameAs

17482|GOLDEN LOTUS Chemie ERYTHROSINE FD C RED 3 |PT Bukit Warna Abadi|null|17164|GOLDEN LOTUS Chemie INDIGO CARMINE FD C BLUE 2 |PT Bukit Warna Abadi|null|seeAlso
17482|GOLDEN LOTUS Chemie ERYTHROSINE FD C RED 3 |PT Bukit Warna Abadi|null|17147|GOLDEN LOTUS Chemie D C RED 34 Ca LAKE|PT Bukit Warna Abadi|null|owlsameAs
17482|GOLDEN LOTUS Chemie ERYTHROSINE FD C RED 3 |PT Bukit Warna Abadi|null|17452|GOLDEN LOTUS Chemie EGG YELLOW GL 01|PT Bukit Warna Abadi|null|seeAlso
17482|GOLDEN LOTUS Chemie ERYTHROSINE FD C RED 3 |PT Bukit Warna Abadi|null|18246|GOLDEN LOTUS Chemie URANINE D C YELLOW 8 |PT Bukit Warna Abadi|null|owlsameAs

24861|Keripik Wader Keju Manis WEMA |PKOPUNR WEMA|null|24130|Keripik Cetul Sambel Balado WEMA |PKOPUNR WEMA|null|seeAlso
24861|Keripik Wader Keju Manis WEMA |PKOPUNR WEMA|null|24493|Keripik Belut Pedas WEMA |PKOPUNR WEMA|null|seeAlso
24861|Keripik Wader Keju Manis WEMA |PKOPUNR WEMA|null|24414|Keripik Cetul Jagung Manis WEMA |PKOPUNR WEMA|null|owlsameAs
24861|Keripik Wader Keju Manis WEMA |PKOPUNR WEMA|null|25334|Keripik Udang Jagung Manis WEMA |PKOPUNR WEMA|null|owlsameAs

11293|Chocolate Coated Crunch|Inventive Food Technology Ltd|null|11445|Chocolate Malt Crunch|Inventive Food Technology Ltd|null|owlsameAs

23139|KIBIF Beef Breakfast Sausage|PT. De Glow International|null|24717|Kibif Meat Ball Super|PT. De Glow International|null|seeAlso
23139|KIBIF Beef Breakfast Sausage|PT. De Glow International|null|67783|kibif Beef Burger Bulgogi|PT. De Glow International|null|seeAlso
23139|KIBIF Beef Breakfast Sausage|PT. De Glow International|null|25273|Kibif Bakso Sapi|PT. De Glow International|null|seeAlso
23139|KIBIF Beef Breakfast Sausage|PT. De Glow International|null|23429|KIBIF Sosis Beef Weiner|PT. De Glow International|null|seeAlso
23139|KIBIF Beef Breakfast Sausage|PT. De Glow International|null|25181|Kibif Beef Pepperoni|PT. De Glow International|null|seeAlso
23139|KIBIF Beef Breakfast Sausage|PT. De Glow International|null|23180|KIBIF Chicken Breakfast Sausage|PT. De Glow International|null|owlsameAs

33741|Oleoresin of Star Anise NE0033|Xumei(Kaifeng) Bio Technology Co.,Ltd|null|39137|Roasted Pepper Essential Oil NE0085|Xumei(Kaifeng) Bio Technology Co.,Ltd|null|seeAlso
33741|Oleoresin of Star Anise NE0033|Xumei(Kaifeng) Bio Technology Co.,Ltd|null|34055|Original Cumin Essential Oil NE0016|Xumei(Kaifeng) Bio Technology Co.,Ltd|null|seeAlso
33741|Oleoresin of Star Anise NE0033|Xumei(Kaifeng) Bio Technology Co.,Ltd|null|39321|Roaseted Cumin Essential Oil NE0017|Xumei(Kaifeng) Bio Technology Co.,Ltd|null|seeAlso
33741|Oleoresin of Star Anise NE0033|Xumei(Kaifeng) Bio Technology Co.,Ltd|null|34234|Oleoresin of Capsicum NE0073|Xumei(Kaifeng) Bio Technology Co.,Ltd|null|owlsameAs
33741|Oleoresin of Star Anise NE0033|Xumei(Kaifeng) Bio Technology Co.,Ltd|null|43446|Spices Cooking Oil NE0041|Xumei(Kaifeng) Bio Technology Co.,Ltd|null|seeAlso

12532|Creamfill Instant Cheese|FEDERAL FOOD INTERNUSA, PT|null|37181|Premiks Banana Pond Cake|FEDERAL FOOD INTERNUSA, PT|null|seeAlso
12532|Creamfill Instant Cheese|FEDERAL FOOD INTERNUSA, PT|null|12283|Creamfill Instant Chocolate|FEDERAL FOOD INTERNUSA, PT|null|owlsameAs
12532|Creamfill Instant Cheese|FEDERAL FOOD INTERNUSA, PT|null|12244|Creamfill Instant Sarikaya|FEDERAL FOOD INTERNUSA, PT|null|owlsameAs
12532|Creamfill Instant Cheese|FEDERAL FOOD INTERNUSA, PT|null|37008|Premiks Chiffon Vanilla|FEDERAL FOOD INTERNUSA, PT|null|seeAlso
12532|Creamfill Instant Cheese|FEDERAL FOOD INTERNUSA, PT|null|11937|Creamfill Instant Banana|FEDERAL FOOD INTERNUSA, PT|null|owlsameAs

23480|KANEKA Filling Cheese Series|PT. Kaneka Foods Indonesia|null|23102|KANEKA Filling Vanilla Series|PT. Kaneka Foods Indonesia|null|owlsameAs
23480|KANEKA Filling Cheese Series|PT. Kaneka Foods Indonesia|null|23507|KANEKA Filling Mango Series|PT. Kaneka Foods Indonesia|null|owlsameAs
23480|KANEKA Filling Cheese Series|PT. Kaneka Foods Indonesia|null|23551|KANEKA Filling Jackfruit Series|PT. Kaneka Foods Indonesia|null|owlsameAs
23480|KANEKA Filling Cheese Series|PT. Kaneka Foods Indonesia|null|23517|KANEKA Filling Passion Fruit Series|PT. Kaneka Foods Indonesia|null|seeAlso
23480|KANEKA Filling Cheese Series|PT. Kaneka Foods Indonesia|null|23047|KANEKA Filling Coffee Series|PT. Kaneka Foods Indonesia|null|owlsameAs

43369|Squash Berperisa Mangga Superindo 365|INKENAS AGUNG, PT|null|42569|Sirup Berperisa Cocopandan Afamart|INKENAS AGUNG, PT|null|seeAlso
43369|Squash Berperisa Mangga Superindo 365|INKENAS AGUNG, PT|null|43391|Squash Berperisa Mangga Value Plus Premium|INKENAS AGUNG, PT|null|owlsameAs
43369|Squash Berperisa Mangga Superindo 365|INKENAS AGUNG, PT|null|43337|Squash Berperisa Jeruk Value Plus Premium|INKENAS AGUNG, PT|null|seeAlso
43369|Squash Berperisa Mangga Superindo 365|INKENAS AGUNG, PT|null|43574|Squash Berperisa Anggur Yoa Food|INKENAS AGUNG, PT|null|owlsameAs
43369|Squash Berperisa Mangga Superindo 365|INKENAS AGUNG, PT|null|42681|Sirup Berperisa Cocopandan Superindo 365|INKENAS AGUNG, PT|null|seeAlso

27008|L agie Panda Cokelat Compound Butir|FAJAR MATARAM SEDAYU, PT|null|26360|L agie Tin Tin Enting Enting Kacang Salut Cokelat Compound Susu Manis|FAJAR MATARAM SEDAYU, PT|null|seeAlso
27008|L agie Panda Cokelat Compound Butir|FAJAR MATARAM SEDAYU, PT|null|26456|L agie Cokelat Compound Hitam Bread Filling |FAJAR MATARAM SEDAYU, PT|null|seeAlso
27008|L agie Panda Cokelat Compound Butir|FAJAR MATARAM SEDAYU, PT|null|26960|L agie Badak Cokelat Compound Susu Manis Isi Enting Enting Kacang|FAJAR MATARAM SEDAYU, PT|null|seeAlso
27008|L agie Panda Cokelat Compound Butir|FAJAR MATARAM SEDAYU, PT|null|26818|L agie Cokelat Compound Susu Manis Isi Wafer Rasa Durian|FAJAR MATARAM SEDAYU, PT|null|seeAlso
27008|L agie Panda Cokelat Compound Butir|FAJAR MATARAM SEDAYU, PT|null|26518|L agie Sonny Cokelat Compound Butir|FAJAR MATARAM SEDAYU, PT|null|owlsameAs

7301|Breader 63082|Saritama Food Processing, PT|null|7308|Breader 63086|Saritama Food Processing, PT|null|owlsameAs
7301|Breader 63082|Saritama Food Processing, PT|null|38964|Regular Breader 63016|Saritama Food Processing, PT|null|seeAlso
7301|Breader 63082|Saritama Food Processing, PT|null|43426|Spicy Marinade 64011|Saritama Food Processing, PT|null|seeAlso
7301|Breader 63082|Saritama Food Processing, PT|null|36619|Predust 63081|Saritama Food Processing, PT|null|seeAlso
7301|Breader 63082|Saritama Food Processing, PT|null|5908|Battermix 63038 01|Saritama Food Processing, PT|null|seeAlso

31823|Minuman teh rasa blackcurrat kemasan botol PET Sosro Fruit tea Blackcurrant |Sinar Sosro, PT|null|31677|Minuman teh tawar kemasan PET Teh botol sosro unsweetened |Sinar Sosro, PT|null|seeAlso
31823|Minuman teh rasa blackcurrat kemasan botol PET Sosro Fruit tea Blackcurrant |Sinar Sosro, PT|null|31597|Minuman teh rasa apel blackcurrant kemasan botol PET Sosro Fruit tea x treme |Sinar Sosro, PT|null|owlsameAs
31823|Minuman teh rasa blackcurrat kemasan botol PET Sosro Fruit tea Blackcurrant |Sinar Sosro, PT|null|42427|Sirup buah jeruk kemasan jerigen PET|Sinar Sosro, PT|null|seeAlso
31823|Minuman teh rasa blackcurrat kemasan botol PET Sosro Fruit tea Blackcurrant |Sinar Sosro, PT|null|31827|Minuman teh rasa stroberi dan anggur sensasi dingin kurang gula kemasan botol PET Sosro Fruit tea freeze less sugar |Sinar Sosro, PT|null|seeAlso
31823|Minuman teh rasa blackcurrat kemasan botol PET Sosro Fruit tea Blackcurrant |Sinar Sosro, PT|null|31601|Minuman teh hijau aroma melati kemasan botol PET Joy Tea Jasmine |Sinar Sosro, PT|null|seeAlso

41053|SWANISH Roti Manis Coklat|PT SWANISH BOGA INDUSTRIA|null|37768|RAJA Roti Tawar Gandum|PT SWANISH BOGA INDUSTRIA|null|seeAlso
41053|SWANISH Roti Manis Coklat|PT SWANISH BOGA INDUSTRIA|null|40905|SWANISH Roti Manis Coklat Keju|PT SWANISH BOGA INDUSTRIA|null|owlsameAs
41053|SWANISH Roti Manis Coklat|PT SWANISH BOGA INDUSTRIA|null|5273|BAKE MART Sandwich Sarikaya|PT SWANISH BOGA INDUSTRIA|null|seeAlso
41053|SWANISH Roti Manis Coklat|PT SWANISH BOGA INDUSTRIA|null|40929|SWANISH Sandwich Krim Keju|PT SWANISH BOGA INDUSTRIA|null|seeAlso
41053|SWANISH Roti Manis Coklat|PT SWANISH BOGA INDUSTRIA|null|41171|SWANISH Mini Bun Blueberry|PT SWANISH BOGA INDUSTRIA|null|seeAlso
41053|SWANISH Roti Manis Coklat|PT SWANISH BOGA INDUSTRIA|null|41019|SWANISH Roti Manis Sarikaya|PT SWANISH BOGA INDUSTRIA|null|owlsameAs

3010|ANNATTO LIQUID WS 1607020 CI 75120 E 160b|GRACIA TRIKREASI PANGAN, PT|null|32837|NATURAL YELLOW 1607022|GRACIA TRIKREASI PANGAN, PT|null|seeAlso
3010|ANNATTO LIQUID WS 1607020 CI 75120 E 160b|GRACIA TRIKREASI PANGAN, PT|null|3219|ANNATTO LIQUID OS 1607018 CI 75120 E 160b|GRACIA TRIKREASI PANGAN, PT|null|owlsameAs

17606|GOLDEN LOTUS Chemie DARK BLACK GL 24 FI 150612|PT Bukit Warna Abadi|null|17271|GOLDEN LOTUS Chemie SUNSET YELLOW LAKE SSYP|PT Bukit Warna Abadi|null|seeAlso
17606|GOLDEN LOTUS Chemie DARK BLACK GL 24 FI 150612|PT Bukit Warna Abadi|null|17304|GOLDEN LOTUS Chemie DARK BLACK GL 269|PT Bukit Warna Abadi|null|owlsameAs
17606|GOLDEN LOTUS Chemie DARK BLACK GL 24 FI 150612|PT Bukit Warna Abadi|null|17644|GOLDEN LOTUS Chemie D C RED 33 LAVANYA HEBE |PT Bukit Warna Abadi|null|seeAlso
17606|GOLDEN LOTUS Chemie DARK BLACK GL 24 FI 150612|PT Bukit Warna Abadi|null|17180|GOLDEN LOTUS Chemie TARTRAZINE FD C YELLOW 5 CO YT 01 |PT Bukit Warna Abadi|null|seeAlso
17606|GOLDEN LOTUS Chemie DARK BLACK GL 24 FI 150612|PT Bukit Warna Abadi|null|17184|GOLDEN LOTUS Chemie PINK RED 164 WS|PT Bukit Warna Abadi|null|seeAlso
17606|GOLDEN LOTUS Chemie DARK BLACK GL 24 FI 150612|PT Bukit Warna Abadi|null|17203|GOLDEN LOTUS Chemie DARK GREEN LAKE 04555|PT Bukit Warna Abadi|null|owlsameAs

31051|Minuman Serbuk Rasa Jeruk Blackcurrant SEGAR SARI|MORINAGA KINO INDONESIA, PT|null|31279|Minuman Serbuk Rasa Jeruk SEGAR SARI|MORINAGA KINO INDONESIA, PT|null|owlsameAs
31051|Minuman Serbuk Rasa Jeruk Blackcurrant SEGAR SARI|MORINAGA KINO INDONESIA, PT|null|48698|Yoghurt drink strawberry brand produk KIN |PT.ABC Kogen Dairy|null|seeAlso
31051|Minuman Serbuk Rasa Jeruk Blackcurrant SEGAR SARI|MORINAGA KINO INDONESIA, PT|null|31216|Minuman Serbuk Instan Berkarbonat Rasa Permen Karet SEGAR SARI FRENTA|MORINAGA KINO INDONESIA, PT|null|seeAlso
31051|Minuman Serbuk Rasa Jeruk Blackcurrant SEGAR SARI|MORINAGA KINO INDONESIA, PT|null|30802|Minuman Serbuk Instan Berkarbonat Rasa Jeruk SEGAR SARI FRENTA|MORINAGA KINO INDONESIA, PT|null|owlsameAs

49289| CAPTAIN S CATCH TUNA SPREAD 185 GM|PT. BLAMBANGAN FOODPACKERS INDONESIA|null|48747|Wilmond Ikan Makarel dalam Saus Tomat|PT. BLAMBANGAN FOODPACKERS INDONESIA|null|seeAlso
49289| CAPTAIN S CATCH TUNA SPREAD 185 GM|PT. BLAMBANGAN FOODPACKERS INDONESIA|null|48728|Wilmond Ikan Makarel dalam Saus Cabe|PT. BLAMBANGAN FOODPACKERS INDONESIA|null|seeAlso
49289| CAPTAIN S CATCH TUNA SPREAD 185 GM|PT. BLAMBANGAN FOODPACKERS INDONESIA|null|10092|CIP Ikan Tuna dalam Minyak|PT. BLAMBANGAN FOODPACKERS INDONESIA|null|seeAlso
49289| CAPTAIN S CATCH TUNA SPREAD 185 GM|PT. BLAMBANGAN FOODPACKERS INDONESIA|null|49256| CAPTAIN S CATCH TUNA CHUNKS IN BRINE 95 GM|PT. BLAMBANGAN FOODPACKERS INDONESIA|null|owlsameAs
49289| CAPTAIN S CATCH TUNA SPREAD 185 GM|PT. BLAMBANGAN FOODPACKERS INDONESIA|null|24987|Kiku Ikan Makarel dalam Saus Ekstra Pedas|PT. BLAMBANGAN FOODPACKERS INDONESIA|null|seeAlso

15304|FAT BASE POWDER 52404|Drytech Processes (I) Pvt. Ltd.|null|15308|FAT BASE POWDER 52402|Drytech Processes (I) Pvt. Ltd.|null|owlsameAs
15304|FAT BASE POWDER 52404|Drytech Processes (I) Pvt. Ltd.|null|10025|COCONUT FAT POWDER 32463|Drytech Processes (I) Pvt. Ltd.|null|seeAlso
15304|FAT BASE POWDER 52404|Drytech Processes (I) Pvt. Ltd.|null|40863|SUNFLOWER FAT POWDER 32456|Drytech Processes (I) Pvt. Ltd.|null|seeAlso

19743|Hakiki Ovalet|PT Hakiki Donarta|null|20052|Hakiki Tepung Kulit Gandum Fine Bran |PT Hakiki Donarta|null|seeAlso
19743|Hakiki Ovalet|PT Hakiki Donarta|null|20011|Hakiki Pewarna Merah Muda|PT Hakiki Donarta|null|seeAlso
19743|Hakiki Ovalet|PT Hakiki Donarta|null|19613|Hakiki VX|PT Hakiki Donarta|null|owlsameAs
19743|Hakiki Ovalet|PT Hakiki Donarta|null|19399|Hakiki Pewarna Oranye|PT Hakiki Donarta|null|seeAlso

36256|Pazar Bumbu Nasi Uduk|PT Pristine Prima Lestari|null|35944|Pazar Cengkeh Butir|PT Pristine Prima Lestari|null|seeAlso
36256|Pazar Bumbu Nasi Uduk|PT Pristine Prima Lestari|null|36123|Pazar Bumbu Pepes Ikan|PT Pristine Prima Lestari|null|owlsameAs
36256|Pazar Bumbu Nasi Uduk|PT Pristine Prima Lestari|null|11570|Choice L Bumbu Ikan Asam pedas|PT Pristine Prima Lestari|null|seeAlso
36256|Pazar Bumbu Nasi Uduk|PT Pristine Prima Lestari|null|37747|Prima Freshmart Lada Hitam|PT Pristine Prima Lestari|null|seeAlso
36256|Pazar Bumbu Nasi Uduk|PT Pristine Prima Lestari|null|36451|Pazar Sereh Bubuk|PT Pristine Prima Lestari|null|seeAlso

18071|GROUND NUTMEG STERILE|INDOHARVEST SPICE, PT|null|47408|WHOLE LONG PEPPER STERILE|INDOHARVEST SPICE, PT|null|seeAlso
18071|GROUND NUTMEG STERILE|INDOHARVEST SPICE, PT|null|8793|CASSIA STICK STERILE|INDOHARVEST SPICE, PT|null|seeAlso
18071|GROUND NUTMEG STERILE|INDOHARVEST SPICE, PT|null|18236|GROUND CASSIA STERILE|INDOHARVEST SPICE, PT|null|seeAlso
18071|GROUND NUTMEG STERILE|INDOHARVEST SPICE, PT|null|18117|GROUND CARDAMOM NON STERILE|INDOHARVEST SPICE, PT|null|seeAlso
18071|GROUND NUTMEG STERILE|INDOHARVEST SPICE, PT|null|18379|GROUND BLACK PEPPER NON STERILE|INDOHARVEST SPICE, PT|null|seeAlso
18071|GROUND NUTMEG STERILE|INDOHARVEST SPICE, PT|null|18172|GROUND NUTMEG EXTRA TOPO STERILE|INDOHARVEST SPICE, PT|null|owlsameAs

47983|WHOLE GROUND CRUSHED CAPER|Synthite Industries Ltd|null|17392|GINGER GRANULES|Synthite Industries Ltd|null|seeAlso
47983|WHOLE GROUND CRUSHED CAPER|Synthite Industries Ltd|null|14255|ENCAPSULATED OLEORESIN FENNEL|Synthite Industries Ltd|null|seeAlso
47983|WHOLE GROUND CRUSHED CAPER|Synthite Industries Ltd|null|41519|SPENT MARIGOLD|Synthite Industries Ltd|null|seeAlso
47983|WHOLE GROUND CRUSHED CAPER|Synthite Industries Ltd|null|12757|DIALLYDISULPDHIDE NATURE IDENTICAL 99|Synthite Industries Ltd|null|seeAlso
47983|WHOLE GROUND CRUSHED CAPER|Synthite Industries Ltd|null|47698|WHOLE GROUND CRUSHED MARJORAM|Synthite Industries Ltd|null|owlsameAs

28354|Longjon Keju|CV. FLAMBOYAN KARYA LESTARI|null|39842|Roti Sisir Kecil|CV. FLAMBOYAN KARYA LESTARI|null|seeAlso
28354|Longjon Keju|CV. FLAMBOYAN KARYA LESTARI|null|43362|Sobek Kombinasi|CV. FLAMBOYAN KARYA LESTARI|null|seeAlso
28354|Longjon Keju|CV. FLAMBOYAN KARYA LESTARI|null|37052|Polo Coklat Keju|CV. FLAMBOYAN KARYA LESTARI|null|seeAlso
28354|Longjon Keju|CV. FLAMBOYAN KARYA LESTARI|null|28320|Longjon Coklat|CV. FLAMBOYAN KARYA LESTARI|null|owlsameAs
28354|Longjon Keju|CV. FLAMBOYAN KARYA LESTARI|null|5567|Banana Cake kecil |CV. FLAMBOYAN KARYA LESTARI|null|seeAlso

27683|Lautan Krimer LK 02 HF|LAUTAN NATURAL KRIMERINDO, PT|null|27300|Lautan Krimer LK35 BA|LAUTAN NATURAL KRIMERINDO, PT|null|owlsameAs
27683|Lautan Krimer LK 02 HF|LAUTAN NATURAL KRIMERINDO, PT|null|21512|Lautan Krimer LK 32 CH|LAUTAN NATURAL KRIMERINDO, PT|null|owlsameAs
27683|Lautan Krimer LK 02 HF|LAUTAN NATURAL KRIMERINDO, PT|null|27176|Lautan Krimer LK 35 CM|LAUTAN NATURAL KRIMERINDO, PT|null|owlsameAs
27683|Lautan Krimer LK 02 HF|LAUTAN NATURAL KRIMERINDO, PT|null|27220|Lautan Krimer LK 35 FA|LAUTAN NATURAL KRIMERINDO, PT|null|owlsameAs
27683|Lautan Krimer LK 02 HF|LAUTAN NATURAL KRIMERINDO, PT|null|27367|Lautan Krimer LK 28 CA|LAUTAN NATURAL KRIMERINDO, PT|null|owlsameAs
27683|Lautan Krimer LK 02 HF|LAUTAN NATURAL KRIMERINDO, PT|null|27360|Lautan Krimer LK 28 CH|LAUTAN NATURAL KRIMERINDO, PT|null|owlsameAs

31367|Monde Kukis|Nissin Biscuit Indonesia, PT|null|33410|Nissin Texa Krekers|Nissin Biscuit Indonesia, PT|null|seeAlso
31367|Monde Kukis|Nissin Biscuit Indonesia, PT|null|33059|Nissin Biskuit Keju Cheese Snack |Nissin Biscuit Indonesia, PT|null|seeAlso
31367|Monde Kukis|Nissin Biscuit Indonesia, PT|null|31686|Monde Kukis Butter Cookies |Nissin Biscuit Indonesia, PT|null|owlsameAs
31367|Monde Kukis|Nissin Biscuit Indonesia, PT|null|33395|Nissin Biskuit Kering |Nissin Biscuit Indonesia, PT|null|seeAlso

14205|Duta Sari buah nanas dalam kaleng 227g 270g 567g 836g 3050g |Great Giant Pineapple, PT|null|14811|Duta Hancuran nanas dalam jus dalam kaleng 227g 270g 567g 836g 3050g |Great Giant Pineapple, PT|null|owlsameAs
14205|Duta Sari buah nanas dalam kaleng 227g 270g 567g 836g 3050g |Great Giant Pineapple, PT|null|14529|Duta Sari buah nanas dan markisa dengan serat nanas dan nata de coco dalam kaleng 227g 270g 567g 836g 3050g |Great Giant Pineapple, PT|null|seeAlso
14205|Duta Sari buah nanas dalam kaleng 227g 270g 567g 836g 3050g |Great Giant Pineapple, PT|null|5099|Ayam Brand Canned Pineapple Chunks in Light Syrup 425g 567g |Great Giant Pineapple, PT|null|seeAlso
14205|Duta Sari buah nanas dalam kaleng 227g 270g 567g 836g 3050g |Great Giant Pineapple, PT|null|14464|Duta Irisan nanas chunk tidbit dalam jus dalam plastik 113g 1500g 3050g |Great Giant Pineapple, PT|null|seeAlso
14205|Duta Sari buah nanas dalam kaleng 227g 270g 567g 836g 3050g |Great Giant Pineapple, PT|null|14445|Duta Irisan nanas chunk tidbit dalam sirup dalam plastik 113g 1500g 3050g |Great Giant Pineapple, PT|null|seeAlso

23252|John Farmer Peanut Pasta 16|GUNANUSA ERAMANDIRI, PT|null|23576|John Farmer Peanut Butter Creamy 16|GUNANUSA ERAMANDIRI, PT|null|owlsameAs
23252|John Farmer Peanut Pasta 16|GUNANUSA ERAMANDIRI, PT|null|22699|John Farmer Cashew Butter Chunky|GUNANUSA ERAMANDIRI, PT|null|seeAlso
23252|John Farmer Peanut Pasta 16|GUNANUSA ERAMANDIRI, PT|null|23596|John Farmer Peanut Butter Creamy 30|GUNANUSA ERAMANDIRI, PT|null|owlsameAs
23252|John Farmer Peanut Pasta 16|GUNANUSA ERAMANDIRI, PT|null|23025|John Farmer Peanut Pasta Chunky 05|GUNANUSA ERAMANDIRI, PT|null|owlsameAs
23252|John Farmer Peanut Pasta 16|GUNANUSA ERAMANDIRI, PT|null|23568|John Farmer Peanut Butter Creamy 10|GUNANUSA ERAMANDIRI, PT|null|owlsameAs

41512|STABIFIL DURIAN|Pachira Distrinusa, PT|null|41306|STABIFIL KACANG|Pachira Distrinusa, PT|null|owlsameAs
41512|STABIFIL DURIAN|Pachira Distrinusa, PT|null|40944|STABIFIL PISANG COKELAT|Pachira Distrinusa, PT|null|seeAlso

11837|Chocolate Stick|Freyabadi Indotama, PT|null|13280|Dark Chocolate Compound Flakes|Freyabadi Indotama, PT|null|seeAlso
11837|Chocolate Stick|Freyabadi Indotama, PT|null|11727|Chocolate Drops|Freyabadi Indotama, PT|null|owlsameAs
11837|Chocolate Stick|Freyabadi Indotama, PT|null|11299|Chocotropi D|Freyabadi Indotama, PT|null|seeAlso
11837|Chocolate Stick|Freyabadi Indotama, PT|null|5736|Bakels Dark Chocolate Drops|Freyabadi Indotama, PT|null|seeAlso
11837|Chocolate Stick|Freyabadi Indotama, PT|null|46857|Tulip Chocolatier Dark Compound Chocolate Coins|Freyabadi Indotama, PT|null|seeAlso

25083|Kibif Sosis Sapi|PT. De Glow International|null|24717|Kibif Meat Ball Super|PT. De Glow International|null|seeAlso
25083|Kibif Sosis Sapi|PT. De Glow International|null|23180|KIBIF Chicken Breakfast Sausage|PT. De Glow International|null|seeAlso
25083|Kibif Sosis Sapi|PT. De Glow International|null|25273|Kibif Bakso Sapi|PT. De Glow International|null|seeAlso
25083|Kibif Sosis Sapi|PT. De Glow International|null|25115|Kibif Bakso Premium|PT. De Glow International|null|seeAlso
25083|Kibif Sosis Sapi|PT. De Glow International|null|7373|Boss Sosis Long|PT. De Glow International|null|seeAlso
25083|Kibif Sosis Sapi|PT. De Glow International|null|23429|KIBIF Sosis Beef Weiner|PT. De Glow International|null|owlsameAs
25083|Kibif Sosis Sapi|PT. De Glow International|null|23381|KIBIF Sosis Sapi Rasa Semur|PT. De Glow International|null|owlsameAs

34488|P102 Series BI00902 Series|PT Tudung Putra Putri Jaya - Ingredient Division|null|34738|P102 Series BA04002 Series|PT Tudung Putra Putri Jaya - Ingredient Division|null|owlsameAs
34488|P102 Series BI00902 Series|PT Tudung Putra Putri Jaya - Ingredient Division|null|34640|P102 Series BE01101 Series|PT Tudung Putra Putri Jaya - Ingredient Division|null|owlsameAs
34488|P102 Series BI00902 Series|PT Tudung Putra Putri Jaya - Ingredient Division|null|34307|P102 Series BC01801 Series|PT Tudung Putra Putri Jaya - Ingredient Division|null|owlsameAs
34488|P102 Series BI00902 Series|PT Tudung Putra Putri Jaya - Ingredient Division|null|34892|P102 Series BM00201 Series|PT Tudung Putra Putri Jaya - Ingredient Division|null|owlsameAs
34488|P102 Series BI00902 Series|PT Tudung Putra Putri Jaya - Ingredient Division|null|34362|P101 Series AA0012 Series|PT Tudung Putra Putri Jaya - Ingredient Division|null|owlsameAs
34488|P102 Series BI00902 Series|PT Tudung Putra Putri Jaya - Ingredient Division|null|34703|P102 Series BP00203 Series|PT Tudung Putra Putri Jaya - Ingredient Division|null|owlsameAs
34488|P102 Series BI00902 Series|PT Tudung Putra Putri Jaya - Ingredient Division|null|34333|P102 Series BC01111 Series|PT Tudung Putra Putri Jaya - Ingredient Division|null|owlsameAs

32367|NUMBRO WAFER KRIM RASA DURIAN|PT JAVAINDO MAJU SEJAHTERA|null|32354|NUMBRO WAFER RASA STROBERI|PT JAVAINDO MAJU SEJAHTERA|null|seeAlso
32367|NUMBRO WAFER KRIM RASA DURIAN|PT JAVAINDO MAJU SEJAHTERA|null|19759|HANIN WAFER RASA STROBERI|PT JAVAINDO MAJU SEJAHTERA|null|seeAlso
32367|NUMBRO WAFER KRIM RASA DURIAN|PT JAVAINDO MAJU SEJAHTERA|null|23427|KISI WAFER ROLL RASA COKLAT KACANG|PT JAVAINDO MAJU SEJAHTERA|null|seeAlso
32367|NUMBRO WAFER KRIM RASA DURIAN|PT JAVAINDO MAJU SEJAHTERA|null|33307|Numbro Wafer Krim Rasa Hazelnut|PT JAVAINDO MAJU SEJAHTERA|null|owlsameAs
32367|NUMBRO WAFER KRIM RASA DURIAN|PT JAVAINDO MAJU SEJAHTERA|null|45151|TELOLET WAFER ROLL RASA COKLAT|PT JAVAINDO MAJU SEJAHTERA|null|seeAlso

17429|GOLDEN LOTUS Chemie RED 2 G|PT Bukit Warna Abadi|null|17775|GOLDEN LOTUS Chemie SUNSET YELLOW LAKE 356|PT Bukit Warna Abadi|null|owlsameAs
17429|GOLDEN LOTUS Chemie RED 2 G|PT Bukit Warna Abadi|null|17443|GOLDEN LOTUS Chemie APPLE GREEN WS|PT Bukit Warna Abadi|null|owlsameAs
17429|GOLDEN LOTUS Chemie RED 2 G|PT Bukit Warna Abadi|null|17713|GOLDEN LOTUS Chemie ERYTHROSINE LAKE LS MS HS|PT Bukit Warna Abadi|null|owlsameAs
17429|GOLDEN LOTUS Chemie RED 2 G|PT Bukit Warna Abadi|null|17615|GOLDEN LOTUS Chemie SUNSET YELLOW LAKE HS 203|PT Bukit Warna Abadi|null|owlsameAs
17429|GOLDEN LOTUS Chemie RED 2 G|PT Bukit Warna Abadi|null|17158|GOLDEN LOTUS Chemie INDIGO CARMINE LAKE LS MS HS FD C BLUE 2 LAKE |PT Bukit Warna Abadi|null|seeAlso
17429|GOLDEN LOTUS Chemie RED 2 G|PT Bukit Warna Abadi|null|17320|GOLDEN LOTUS Chemie ERYTHROSINE GL 266|PT Bukit Warna Abadi|null|owlsameAs
17429|GOLDEN LOTUS Chemie RED 2 G|PT Bukit Warna Abadi|null|17985|GOLDEN LOTUS Chemie WINTER GREEN TBM|PT Bukit Warna Abadi|null|owlsameAs

46898|Tulip Chocolatier White Compound Chips|Freyabadi Indotama, PT|null|47178|Tulip Arte Truffleshells M|Freyabadi Indotama, PT|null|seeAlso
46898|Tulip Chocolatier White Compound Chips|Freyabadi Indotama, PT|null|46717|Tulip Chocolatier Dark Chocolate Chips|Freyabadi Indotama, PT|null|owlsameAs
46898|Tulip Chocolatier White Compound Chips|Freyabadi Indotama, PT|null|48213|White Filling|Freyabadi Indotama, PT|null|seeAlso
46898|Tulip Chocolatier White Compound Chips|Freyabadi Indotama, PT|null|12545|Compound Spraying|Freyabadi Indotama, PT|null|seeAlso
46898|Tulip Chocolatier White Compound Chips|Freyabadi Indotama, PT|null|48641|White Chocolate Filling|Freyabadi Indotama, PT|null|seeAlso

21508|Lautan Krimer LK 07 HF|LAUTAN NATURAL KRIMERINDO, PT|null|27053|Lautan Krimer LK 32 CA|LAUTAN NATURAL KRIMERINDO, PT|null|owlsameAs
21508|Lautan Krimer LK 07 HF|LAUTAN NATURAL KRIMERINDO, PT|null|27355|Lautan Krimer LK 28 CE|LAUTAN NATURAL KRIMERINDO, PT|null|owlsameAs
21508|Lautan Krimer LK 07 HF|LAUTAN NATURAL KRIMERINDO, PT|null|27360|Lautan Krimer LK 28 CH|LAUTAN NATURAL KRIMERINDO, PT|null|owlsameAs
21508|Lautan Krimer LK 07 HF|LAUTAN NATURAL KRIMERINDO, PT|null|21518|Lautan Krimer LK 32 CJ|LAUTAN NATURAL KRIMERINDO, PT|null|owlsameAs
21508|Lautan Krimer LK 07 HF|LAUTAN NATURAL KRIMERINDO, PT|null|27051|Lautan Krimer LK 32 CB|LAUTAN NATURAL KRIMERINDO, PT|null|owlsameAs
21508|Lautan Krimer LK 07 HF|LAUTAN NATURAL KRIMERINDO, PT|null|27080|Lautan Krimer LK 03 LF|LAUTAN NATURAL KRIMERINDO, PT|null|owlsameAs
21508|Lautan Krimer LK 07 HF|LAUTAN NATURAL KRIMERINDO, PT|null|27752|Lautan Krimer LK 10 LF|LAUTAN NATURAL KRIMERINDO, PT|null|owlsameAs
21508|Lautan Krimer LK 07 HF|LAUTAN NATURAL KRIMERINDO, PT|null|27041|Lautan Krimer LK 32 CM|LAUTAN NATURAL KRIMERINDO, PT|null|owlsameAs
21508|Lautan Krimer LK 07 HF|LAUTAN NATURAL KRIMERINDO, PT|null|27224|Lautan Krimer LK 35 FC|LAUTAN NATURAL KRIMERINDO, PT|null|owlsameAs

18312|GOLDEN LOTUS Chemie VIOLET 964|PT Bukit Warna Abadi|null|17775|GOLDEN LOTUS Chemie SUNSET YELLOW LAKE 356|PT Bukit Warna Abadi|null|owlsameAs
18312|GOLDEN LOTUS Chemie VIOLET 964|PT Bukit Warna Abadi|null|17360|GOLDEN LOTUS Chemie SUNSET YELLOW FCF LAKE LS MS HS FD C YELLOW 6 |PT Bukit Warna Abadi|null|seeAlso
18312|GOLDEN LOTUS Chemie VIOLET 964|PT Bukit Warna Abadi|null|17117|GOLDEN LOTUS Chemie CARAMEL TYPE IV POWDER|PT Bukit Warna Abadi|null|owlsameAs
18312|GOLDEN LOTUS Chemie VIOLET 964|PT Bukit Warna Abadi|null|17305|GOLDEN LOTUS Chemie COKELAT HT 31|PT Bukit Warna Abadi|null|owlsameAs
18312|GOLDEN LOTUS Chemie VIOLET 964|PT Bukit Warna Abadi|null|17772|GOLDEN LOTUS Chemie LAVANYA SHYMA GL 166|PT Bukit Warna Abadi|null|seeAlso

32818|NUMBRO WAFER RASA VANILLA|PT JAVAINDO MAJU SEJAHTERA|null|33005|Numbro Wafer Krim Selai Kacang|PT JAVAINDO MAJU SEJAHTERA|null|owlsameAs
32818|NUMBRO WAFER RASA VANILLA|PT JAVAINDO MAJU SEJAHTERA|null|13002|DHONE WAFER RASA VANILLA|PT JAVAINDO MAJU SEJAHTERA|null|seeAlso
32818|NUMBRO WAFER RASA VANILLA|PT JAVAINDO MAJU SEJAHTERA|null|20021|HANIN WAFER RASA KEJU|PT JAVAINDO MAJU SEJAHTERA|null|seeAlso
32818|NUMBRO WAFER RASA VANILLA|PT JAVAINDO MAJU SEJAHTERA|null|3001|ARIMURAYA MIX YASAI BALL|PT.ARIMURAYA INDONESIA|null|seeAlso

31338|Minuman Serbuk Mochaccino|PT CIPTA HARUM LESTARI|null|31312|Minuman Serbuk Choco Cookies and Cream|PT CIPTA HARUM LESTARI|null|owlsameAs
31338|Minuman Serbuk Mochaccino|PT CIPTA HARUM LESTARI|null|30644|Minuman Serbuk Kopi Arum Co|PT CIPTA HARUM LESTARI|null|owlsameAs
31338|Minuman Serbuk Mochaccino|PT CIPTA HARUM LESTARI|null|6733|Biji Kopi Arum Co|PT CIPTA HARUM LESTARI|null|seeAlso
31338|Minuman Serbuk Mochaccino|PT CIPTA HARUM LESTARI|null|29667|Makaroni Nasi Goreng|PPKOPSKT ANEKA CAMILAN RR|null|seeAlso

9436|CANNED TUNA IN VEGETABLE OIL AMERICANA |PT. BANYUWANGI CANNERY INDONESIA|null|9096|CANNED TUNA IN BRINE ASAHI |PT. BANYUWANGI CANNERY INDONESIA|null|owlsameAs
9436|CANNED TUNA IN VEGETABLE OIL AMERICANA |PT. BANYUWANGI CANNERY INDONESIA|null|9409|CANNED SARDINES IN VEGETABLE OIL CLASSY |PT. BANYUWANGI CANNERY INDONESIA|null|seeAlso
9436|CANNED TUNA IN VEGETABLE OIL AMERICANA |PT. BANYUWANGI CANNERY INDONESIA|null|9449|CANNED TUNA IN VEGETABLE OIL SIBLUE |PT. BANYUWANGI CANNERY INDONESIA|null|owlsameAs
9436|CANNED TUNA IN VEGETABLE OIL AMERICANA |PT. BANYUWANGI CANNERY INDONESIA|null|9346|CANNED TUNA IN VEGETABLE OIL BARAKA |PT. BANYUWANGI CANNERY INDONESIA|null|owlsameAs
9436|CANNED TUNA IN VEGETABLE OIL AMERICANA |PT. BANYUWANGI CANNERY INDONESIA|null|9077|CANNED TUNA IN VEGETABLE OIL TUNATUN |PT. BANYUWANGI CANNERY INDONESIA|null|owlsameAs
9436|CANNED TUNA IN VEGETABLE OIL AMERICANA |PT. BANYUWANGI CANNERY INDONESIA|null|8988|CANNED TUNA IN VEGETABLE OIL PACIFIC KING |PT. BANYUWANGI CANNERY INDONESIA|null|owlsameAs
9436|CANNED TUNA IN VEGETABLE OIL AMERICANA |PT. BANYUWANGI CANNERY INDONESIA|null|9345|CANNED TUNA IN VEGETABLE OIL DOLLY |PT. BANYUWANGI CANNERY INDONESIA|null|owlsameAs

31049|Mie Kering Burung Dara BD Mtist |PT. SURYA PRATISTA HUTAMA|null|30824|Mie Kering Burung Dara Mie Lebar |PT. SURYA PRATISTA HUTAMA|null|owlsameAs
31049|Mie Kering Burung Dara BD Mtist |PT. SURYA PRATISTA HUTAMA|null|30772|Mie Kering Burung Dara Doro Mas Doro Mas |PT. SURYA PRATISTA HUTAMA|null|owlsameAs
31049|Mie Kering Burung Dara BD Mtist |PT. SURYA PRATISTA HUTAMA|null|28294|Lulu Fried Noodle|PT. SURYA PRATISTA HUTAMA|null|seeAlso
31049|Mie Kering Burung Dara BD Mtist |PT. SURYA PRATISTA HUTAMA|null|7059|Best Wok Fried Noodle Sambal Seafood Flavour|PT. SURYA PRATISTA HUTAMA|null|seeAlso
31049|Mie Kering Burung Dara BD Mtist |PT. SURYA PRATISTA HUTAMA|null|30779|Mie Kering Burung Dara BD 44 |PT. SURYA PRATISTA HUTAMA|null|owlsameAs

29777|MORIN Selai Stroberi Strawberry Jam In Syrup |ASTAGUNA  WISESA, PT|null|29289|MORIN Selai Kacang Peanut Butter Chunky NIP |ASTAGUNA  WISESA, PT|null|seeAlso
29777|MORIN Selai Stroberi Strawberry Jam In Syrup |ASTAGUNA  WISESA, PT|null|38105|Raspberry Jam tarlet Industri |ASTAGUNA  WISESA, PT|null|seeAlso
29777|MORIN Selai Stroberi Strawberry Jam In Syrup |ASTAGUNA  WISESA, PT|null|29858|MORIN Marmalad Jeruk Orange Marmalade |ASTAGUNA  WISESA, PT|null|seeAlso
29777|MORIN Selai Stroberi Strawberry Jam In Syrup |ASTAGUNA  WISESA, PT|null|29670|MORIN Topping Gula Aren Brown Sugar Sauce |ASTAGUNA  WISESA, PT|null|seeAlso
29777|MORIN Selai Stroberi Strawberry Jam In Syrup |ASTAGUNA  WISESA, PT|null|29612|MORIN Selai Stroberi Strawberry Jam |ASTAGUNA  WISESA, PT|null|owlsameAs

10913|Cassia Vera AA Cut and Washed|CV. NTC Spice|null|10474|Cassia Vera A Cuttings|CV. NTC Spice|null|owlsameAs
10913|Cassia Vera AA Cut and Washed|CV. NTC Spice|null|10669|Cassia Vera A Stick|CV. NTC Spice|null|owlsameAs

18511|GO Wafer Roll dengan Krim Rasa Cokelat dan Pisang |PT. SIANTAR TOP, TBK|null|17921|GORIORIO SNOWKIZ Biskuit Sandwich dengan Krim Pelapis Rasa Susu Vanilla |PT. SIANTAR TOP, TBK|null|seeAlso
18511|GO Wafer Roll dengan Krim Rasa Cokelat dan Pisang |PT. SIANTAR TOP, TBK|null|5180|BRIO GO POTATO 104 GRAM RASA ORIGINAL|PT. SIANTAR TOP, TBK|null|seeAlso
18511|GO Wafer Roll dengan Krim Rasa Cokelat dan Pisang |PT. SIANTAR TOP, TBK|null|18142|GO Wafer Roll dengan Krim Rasa Vanilla |PT. SIANTAR TOP, TBK|null|owlsameAs
18511|GO Wafer Roll dengan Krim Rasa Cokelat dan Pisang |PT. SIANTAR TOP, TBK|null|35501|POLOS PELLET IDOLA ALAMI IKAN|PT. SIANTAR TOP, TBK|null|seeAlso
18511|GO Wafer Roll dengan Krim Rasa Cokelat dan Pisang |PT. SIANTAR TOP, TBK|null|13322|DEO GORIORIO RASA COKLAT|PT. SIANTAR TOP, TBK|null|seeAlso

23353|Juice United Minuman Rasa Buah dan Sayuran Merah|BERRI INDOSARI,PT|null|23068|Juice United Minuman Rasa Buah dan Sayuran Hijau|BERRI INDOSARI,PT|null|owlsameAs
23353|Juice United Minuman Rasa Buah dan Sayuran Merah|BERRI INDOSARI,PT|null|44103|Sushi kiosk Minuman rasa buah sirsak|BERRI INDOSARI,PT|null|seeAlso
23353|Juice United Minuman Rasa Buah dan Sayuran Merah|BERRI INDOSARI,PT|null|23620|Juice United minuman rasa jeruk no added sugar|BERRI INDOSARI,PT|null|owlsameAs
23353|Juice United Minuman Rasa Buah dan Sayuran Merah|BERRI INDOSARI,PT|null|23095|Juice United Minuman Rasa Buah Jambu|BERRI INDOSARI,PT|null|owlsameAs
23353|Juice United Minuman Rasa Buah dan Sayuran Merah|BERRI INDOSARI,PT|null|44301|Starbucks Minuman Saribuah Campuran Banana Mix |BERRI INDOSARI,PT|null|seeAlso

32278|NATIONAL 1465|Ingredion China Limited|null|21391|INSTANT PURE FLO F|Ingredion China Limited|null|seeAlso
32278|NATIONAL 1465|Ingredion China Limited|null|32112|NATIONAL DC|Ingredion China Limited|null|owlsameAs
32278|NATIONAL 1465|Ingredion China Limited|null|44931|TEX FLO 2360|Ingredion China Limited|null|seeAlso
32278|NATIONAL 1465|Ingredion China Limited|null|15595|FARMAL MS 6822|Ingredion China Limited|null|seeAlso
32278|NATIONAL 1465|Ingredion China Limited|null|32121|NATIONAL 740|Ingredion China Limited|null|owlsameAs

38176|RED BEAN PASTE WITH SKIN JA52KF|BEIJING KYO-NICHI TODAI FOODS CO.,LTD.|null|38097|RED BEAN PASTE WITH SKIN A62H|BEIJING KYO-NICHI TODAI FOODS CO.,LTD.|null|owlsameAs
38176|RED BEAN PASTE WITH SKIN JA52KF|BEIJING KYO-NICHI TODAI FOODS CO.,LTD.|null|38223|RED BEAN PASTE WITH SKIN A58S|BEIJING KYO-NICHI TODAI FOODS CO.,LTD.|null|owlsameAs
38176|RED BEAN PASTE WITH SKIN JA52KF|BEIJING KYO-NICHI TODAI FOODS CO.,LTD.|null|38198|RED BEAN PASTE WITH SKIN JAQ18|BEIJING KYO-NICHI TODAI FOODS CO.,LTD.|null|owlsameAs
38176|RED BEAN PASTE WITH SKIN JA52KF|BEIJING KYO-NICHI TODAI FOODS CO.,LTD.|null|40916|SWEETENED TIGER BEAN CT100|BEIJING KYO-NICHI TODAI FOODS CO.,LTD.|null|seeAlso
38176|RED BEAN PASTE WITH SKIN JA52KF|BEIJING KYO-NICHI TODAI FOODS CO.,LTD.|null|41184|SWEETENED TIGER BEAN FILLING JT100|BEIJING KYO-NICHI TODAI FOODS CO.,LTD.|null|seeAlso

21061|Hydrolyzed Vegetable Protein Powder HVP MR |Baoding Way Chein Food Industrial Co.,Ltd.|null|20970|Hydrolyzed Vegetable Protein Powder HVP MO |Baoding Way Chein Food Industrial Co.,Ltd.|null|owlsameAs
21061|Hydrolyzed Vegetable Protein Powder HVP MR |Baoding Way Chein Food Industrial Co.,Ltd.|null|20858|Hydrolyzed Vegetable Protein Powder HVP IW |Baoding Way Chein Food Industrial Co.,Ltd.|null|owlsameAs
21061|Hydrolyzed Vegetable Protein Powder HVP MR |Baoding Way Chein Food Industrial Co.,Ltd.|null|16196|Fermented Soy Sauce Powder FSP AI |Baoding Way Chein Food Industrial Co.,Ltd.|null|seeAlso
21061|Hydrolyzed Vegetable Protein Powder HVP MR |Baoding Way Chein Food Industrial Co.,Ltd.|null|20952|Hydrolyzed Vegetable Protein Powder HVP MN |Baoding Way Chein Food Industrial Co.,Ltd.|null|owlsameAs
21061|Hydrolyzed Vegetable Protein Powder HVP MR |Baoding Way Chein Food Industrial Co.,Ltd.|null|21370|Hydrolyzed Vegetable Protein Powder HVP MP|Baoding Way Chein Food Industrial Co.,Ltd.|null|owlsameAs

26362|LARUTAN PENYEGAR ESPE RASA ANGGUR|Sinde Budi Sentosa, PT|null|26563|LASEGAR 500 ML|Sinde Budi Sentosa, PT|null|seeAlso
26362|LARUTAN PENYEGAR ESPE RASA ANGGUR|Sinde Budi Sentosa, PT|null|26414|LASEGAR ESPE RASA JAMBU|Sinde Budi Sentosa, PT|null|seeAlso
26362|LARUTAN PENYEGAR ESPE RASA ANGGUR|Sinde Budi Sentosa, PT|null|26709|LARUTAN PENYEGAR ESPE RASA MELON|Sinde Budi Sentosa, PT|null|owlsameAs
26362|LARUTAN PENYEGAR ESPE RASA ANGGUR|Sinde Budi Sentosa, PT|null|12988|DELIPO KURMA DAN JINTAN HITAM|Sinde Budi Sentosa, PT|null|seeAlso
26362|LARUTAN PENYEGAR ESPE RASA ANGGUR|Sinde Budi Sentosa, PT|null|26571|LARUTAN PENYEGAR CAP BADAK 500 ML|Sinde Budi Sentosa, PT|null|seeAlso

49446| Kellogg Special K|Kellogg (Thailand) Ltd|null|48906| Kellogg Corn Flakes|Kellogg (Thailand) Ltd|null|owlsameAs

16613|Fish Patties Nikmat|PT. SOEJASCH BALI|null|11063|Fish Fingers Nikmat|PT. SOEJASCH BALI|null|owlsameAs
16613|Fish Patties Nikmat|PT. SOEJASCH BALI|null|6783|Beef Breakfast Cater|PT. SOEJASCH BALI|null|seeAlso
16613|Fish Patties Nikmat|PT. SOEJASCH BALI|null|34937|Oxtail Cut Nikmat|PT. SOEJASCH BALI|null|seeAlso
16613|Fish Patties Nikmat|PT. SOEJASCH BALI|null|6580|Beef Rasher Nikmat|PT. SOEJASCH BALI|null|seeAlso
16613|Fish Patties Nikmat|PT. SOEJASCH BALI|null|43678|Smoked baby Snapper Fillet Nikmat|PT. SOEJASCH BALI|null|seeAlso

23795|Keripik Cetul Sapi Panggang WEMA |PKOPUNR WEMA|null|24234|Keripik Belut WEMA |PKOPUNR WEMA|null|seeAlso
23795|Keripik Cetul Sapi Panggang WEMA |PKOPUNR WEMA|null|24766|Keripik Wader WEMA |PKOPUNR WEMA|null|seeAlso
23795|Keripik Cetul Sapi Panggang WEMA |PKOPUNR WEMA|null|25396|Keripik Udang Keju WEMA |PKOPUNR WEMA|null|seeAlso
23795|Keripik Cetul Sapi Panggang WEMA |PKOPUNR WEMA|null|24181|Keripik Cetul WEMA |PKOPUNR WEMA|null|owlsameAs
23795|Keripik Cetul Sapi Panggang WEMA |PKOPUNR WEMA|null|25334|Keripik Udang Jagung Manis WEMA |PKOPUNR WEMA|null|owlsameAs
23795|Keripik Cetul Sapi Panggang WEMA |PKOPUNR WEMA|null|24401|Keripik Belut Sapi Panggang WEMA |PKOPUNR WEMA|null|owlsameAs

4666|Andros coconut frozen puree 49421329|Beijing Andros Fruit Company Ltd.,China|null|3902|Andros Caramelized Apple Gourmet Sauce 49482701|Beijing Andros Fruit Company Ltd.,China|null|seeAlso
4666|Andros coconut frozen puree 49421329|Beijing Andros Fruit Company Ltd.,China|null|4341|Andros frozen strawberry 49420303|Beijing Andros Fruit Company Ltd.,China|null|seeAlso
4666|Andros coconut frozen puree 49421329|Beijing Andros Fruit Company Ltd.,China|null|4312|Andros frozen lychee puree 49421327|Beijing Andros Fruit Company Ltd.,China|null|owlsameAs
4666|Andros coconut frozen puree 49421329|Beijing Andros Fruit Company Ltd.,China|null|4540|Andros frozen passion puree 49421320 01|Beijing Andros Fruit Company Ltd.,China|null|owlsameAs

32176|NON DAIRY CREAMER 32475|Drytech Processes (I) Pvt. Ltd.|null|32170|NON DAIRY CREAMER 32474|Drytech Processes (I) Pvt. Ltd.|null|owlsameAs

43440|Sop Durian Topping Almond|Durian Kunyil|null|43047|Sop Durian Topping Kelapa|Durian Kunyil|null|owlsameAs
43440|Sop Durian Topping Almond|Durian Kunyil|null|43630|Sop Durian Topping Alpukat|Durian Kunyil|null|owlsameAs

8120|Bumbu Tabur Abon Kuch2 Hotahu |PPKOPKDS KUCH KUCH HOTAHU|null|8217|Bumbu Tabur Pizza Kuch2 Hotahu |PPKOPKDS KUCH KUCH HOTAHU|null|owlsameAs

3145|Abon Sapi Cap Bonvie|CV. Lancar Jaya Food|null|3217|Abon Sapi Cap SPT|CV. Lancar Jaya Food|null|owlsameAs
3145|Abon Sapi Cap Bonvie|CV. Lancar Jaya Food|null|3550|Abon Sapi Cap Louhan|CV. Lancar Jaya Food|null|owlsameAs

8640|Butter Kukis Kelapa New Mirasa|Mirasa Magelang, PR|null|8115|Butter Kukis Vanilla New Mirasa|Mirasa Magelang, PR|null|owlsameAs
8640|Butter Kukis Kelapa New Mirasa|Mirasa Magelang, PR|null|41935|Sagu S Coklat Mirasa|Mirasa Magelang, PR|null|seeAlso
8640|Butter Kukis Kelapa New Mirasa|Mirasa Magelang, PR|null|7206|Bolu Oval Mirasa|Mirasa Magelang, PR|null|seeAlso
8640|Butter Kukis Kelapa New Mirasa|Mirasa Magelang, PR|null|7732|Bolu Panggang Mirasa|Mirasa Magelang, PR|null|seeAlso
8640|Butter Kukis Kelapa New Mirasa|Mirasa Magelang, PR|null|25678|Kukis Ubi Ungu New Mirasa|Mirasa Magelang, PR|null|seeAlso

28652|MATRIX POMELO FLAVOUR EXTRACT|MATRIX|null|28246|MATRIX ADLAY FLAVOUR|MATRIX|null|seeAlso
28652|MATRIX POMELO FLAVOUR EXTRACT|MATRIX|null|28754|MATRIX LAMB FLAVOUR|MATRIX|null|owlsameAs
28652|MATRIX POMELO FLAVOUR EXTRACT|MATRIX|null|28589|MATRIX PEANUT FLAVOUR|MATRIX|null|seeAlso
28652|MATRIX POMELO FLAVOUR EXTRACT|MATRIX|null|28289|MATRIX COCONUT FLAVOUR 334611|MATRIX|null|seeAlso

20243|Haldin Lemongrass Glycolic Extract|Haldin Pacific Semesta,PT|null|20378|Haldin Vanilla Powder|Haldin Pacific Semesta,PT|null|seeAlso
20243|Haldin Lemongrass Glycolic Extract|Haldin Pacific Semesta,PT|null|20374|Haldin Rose Glycolic Extract|Haldin Pacific Semesta,PT|null|owlsameAs
20243|Haldin Lemongrass Glycolic Extract|Haldin Pacific Semesta,PT|null|18512|Galangal Powder|Haldin Pacific Semesta,PT|null|seeAlso
20243|Haldin Lemongrass Glycolic Extract|Haldin Pacific Semesta,PT|null|20376|Haldin Red Grape Spray Dried Powder|Haldin Pacific Semesta,PT|null|seeAlso
20243|Haldin Lemongrass Glycolic Extract|Haldin Pacific Semesta,PT|null|20487|Haldin Panda|Haldin Pacific Semesta,PT|null|seeAlso

27804|Low Temperature Food Grade Soy Flake YP5088|Shandong Yuwang Ecological Food Industry Co.,Ltd|null|21950|Isolated Soy Protein YP901U|Shandong Yuwang Ecological Food Industry Co.,Ltd|null|seeAlso
27804|Low Temperature Food Grade Soy Flake YP5088|Shandong Yuwang Ecological Food Industry Co.,Ltd|null|21976|Isolated Soy Protein YP901R|Shandong Yuwang Ecological Food Industry Co.,Ltd|null|seeAlso
27804|Low Temperature Food Grade Soy Flake YP5088|Shandong Yuwang Ecological Food Industry Co.,Ltd|null|21961|Isolated Soy Protein YP901D|Shandong Yuwang Ecological Food Industry Co.,Ltd|null|seeAlso
27804|Low Temperature Food Grade Soy Flake YP5088|Shandong Yuwang Ecological Food Industry Co.,Ltd|null|28367|Low Temperature Food Grade Soy Flour|Shandong Yuwang Ecological Food Industry Co.,Ltd|null|owlsameAs
27804|Low Temperature Food Grade Soy Flake YP5088|Shandong Yuwang Ecological Food Industry Co.,Ltd|null|21972|Isolated Soy Protein YP901N|Shandong Yuwang Ecological Food Industry Co.,Ltd|null|seeAlso

4439|Aneka Olahan Hasil Laut Niki Sae Aneka Ikan Asin Ikan Samge|NIKI SAE|null|4454|Aneka Olahan Hasil Laut Niki Sae Aneka Ikan Asin Udang Rebon|NIKI SAE|null|owlsameAs

29344|MORINAGA CHIL KID REGULAR VANILA|PT. Sanghiang Perkasa|null|35320|PREMIX VITAMIN DIABETASOL CEREAL|PT. Sanghiang Perkasa|null|seeAlso
29344|MORINAGA CHIL KID REGULAR VANILA|PT. Sanghiang Perkasa|null|31092|Milna Bubur Reguler Sup Ayam Wortel Labu|PT. Sanghiang Perkasa|null|seeAlso
29344|MORINAGA CHIL KID REGULAR VANILA|PT. Sanghiang Perkasa|null|31366|Morinaga Chil Kid P HP|PT. Sanghiang Perkasa|null|owlsameAs
29344|MORINAGA CHIL KID REGULAR VANILA|PT. Sanghiang Perkasa|null|12705|DIABETASOL UHT VANILLA MALT|PT. Sanghiang Perkasa|null|seeAlso
29344|MORINAGA CHIL KID REGULAR VANILA|PT. Sanghiang Perkasa|null|31378|Morinaga Chil School Soya|PT. Sanghiang Perkasa|null|seeAlso

18006|Galicol Dark Black|Galic Bina Mada, PT|null|18327|Galicol Grape|Galic Bina Mada, PT|null|seeAlso
18006|Galicol Dark Black|Galic Bina Mada, PT|null|17916|Galicol Dark Brown RQ|Galic Bina Mada, PT|null|owlsameAs
18006|Galicol Dark Black|Galic Bina Mada, PT|null|18028|Galicol Cogilor Brown CF|Galic Bina Mada, PT|null|seeAlso
18006|Galicol Dark Black|Galic Bina Mada, PT|null|18062|Galicol Red Tomato|Galic Bina Mada, PT|null|seeAlso

47694|WHOLE GROUND CRUSHED PEPPER WHITE|Synthite Industries Ltd|null|47522|WHOLE GROUND CRUSHED CAMBODGE|Synthite Industries Ltd|null|owlsameAs
47694|WHOLE GROUND CRUSHED PEPPER WHITE|Synthite Industries Ltd|null|4965|BLACK PEPPER OIL|Synthite Industries Ltd|null|seeAlso
47694|WHOLE GROUND CRUSHED PEPPER WHITE|Synthite Industries Ltd|null|14888|ENCAPSULATED O R GINGER 1 5 GINGEROLS|Synthite Industries Ltd|null|seeAlso
47694|WHOLE GROUND CRUSHED PEPPER WHITE|Synthite Industries Ltd|null|47572|WHOLE GROUND CRUSHED FENNEL SMALL|Synthite Industries Ltd|null|owlsameAs

32296|NUGET BENTUK IKAN|PPRINKDL LANGGENG|null|32595|NUGET BENTUK CINTA|PPRINKDL LANGGENG|null|owlsameAs

34782|P102 Series BQ00701 Series|PT Tudung Putra Putri Jaya - Ingredient Division|null|34336|P102 Series BA03302 Series|PT Tudung Putra Putri Jaya - Ingredient Division|null|owlsameAs
34782|P102 Series BQ00701 Series|PT Tudung Putra Putri Jaya - Ingredient Division|null|34886|P102 Series BB01102 Series|PT Tudung Putra Putri Jaya - Ingredient Division|null|owlsameAs
34782|P102 Series BQ00701 Series|PT Tudung Putra Putri Jaya - Ingredient Division|null|34811|P102 Series BG01403 Series|PT Tudung Putra Putri Jaya - Ingredient Division|null|owlsameAs
34782|P102 Series BQ00701 Series|PT Tudung Putra Putri Jaya - Ingredient Division|null|34601|P102 Series BA03501 Series|PT Tudung Putra Putri Jaya - Ingredient Division|null|owlsameAs
34782|P102 Series BQ00701 Series|PT Tudung Putra Putri Jaya - Ingredient Division|null|34676|P102 Series BG00903 Series|PT Tudung Putra Putri Jaya - Ingredient Division|null|owlsameAs
34782|P102 Series BQ00701 Series|PT Tudung Putra Putri Jaya - Ingredient Division|null|34360|P102 Series BB02102 Series|PT Tudung Putra Putri Jaya - Ingredient Division|null|owlsameAs
34782|P102 Series BQ00701 Series|PT Tudung Putra Putri Jaya - Ingredient Division|null|34830|P102 Series BC02601 Series|PT Tudung Putra Putri Jaya - Ingredient Division|null|owlsameAs
34782|P102 Series BQ00701 Series|PT Tudung Putra Putri Jaya - Ingredient Division|null|34697|P102 Series BA04301 Series|PT Tudung Putra Putri Jaya - Ingredient Division|null|owlsameAs
34782|P102 Series BQ00701 Series|PT Tudung Putra Putri Jaya - Ingredient Division|null|34506|P102 Series BR00501 Series|PT Tudung Putra Putri Jaya - Ingredient Division|null|owlsameAs
34782|P102 Series BQ00701 Series|PT Tudung Putra Putri Jaya - Ingredient Division|null|34984|P102 Series BA04102 Series|PT Tudung Putra Putri Jaya - Ingredient Division|null|owlsameAs

9782|Caramel Color SRC4120|Sethness Roquette Food Ingredients (Lianyungang) Co.,Ltd|null|9745|Caramel Color SRC3220|Sethness Roquette Food Ingredients (Lianyungang) Co.,Ltd|null|owlsameAs
9782|Caramel Color SRC4120|Sethness Roquette Food Ingredients (Lianyungang) Co.,Ltd|null|9900|Caramel Color SRC1100|Sethness Roquette Food Ingredients (Lianyungang) Co.,Ltd|null|owlsameAs
9782|Caramel Color SRC4120|Sethness Roquette Food Ingredients (Lianyungang) Co.,Ltd|null|9705|Caramel Color SRC3340 LV|Sethness Roquette Food Ingredients (Lianyungang) Co.,Ltd|null|owlsameAs
9782|Caramel Color SRC4120|Sethness Roquette Food Ingredients (Lianyungang) Co.,Ltd|null|9774|Caramel Color SRC3260|Sethness Roquette Food Ingredients (Lianyungang) Co.,Ltd|null|owlsameAs
9782|Caramel Color SRC4120|Sethness Roquette Food Ingredients (Lianyungang) Co.,Ltd|null|9548|Caramel Color SRC4430|Sethness Roquette Food Ingredients (Lianyungang) Co.,Ltd|null|owlsameAs
9782|Caramel Color SRC4120|Sethness Roquette Food Ingredients (Lianyungang) Co.,Ltd|null|9749|Caramel Color SRC P149|Sethness Roquette Food Ingredients (Lianyungang) Co.,Ltd|null|owlsameAs
9782|Caramel Color SRC4120|Sethness Roquette Food Ingredients (Lianyungang) Co.,Ltd|null|9955|Caramel Color SRC CS1|Sethness Roquette Food Ingredients (Lianyungang) Co.,Ltd|null|owlsameAs
9782|Caramel Color SRC4120|Sethness Roquette Food Ingredients (Lianyungang) Co.,Ltd|null|9555|Caramel Color SRC3212 HV|Sethness Roquette Food Ingredients (Lianyungang) Co.,Ltd|null|owlsameAs
9782|Caramel Color SRC4120|Sethness Roquette Food Ingredients (Lianyungang) Co.,Ltd|null|9967|Caramel Color SRC3380|Sethness Roquette Food Ingredients (Lianyungang) Co.,Ltd|null|owlsameAs
9782|Caramel Color SRC4120|Sethness Roquette Food Ingredients (Lianyungang) Co.,Ltd|null|10069|Caramel Color SRC P750|Sethness Roquette Food Ingredients (Lianyungang) Co.,Ltd|null|owlsameAs

37574|Pronas Kornet Daging Sapi Classic Rasa Keju |Canning Indonesian Products, PT|null|37353|Pronas Kornet Daging Sapi Kombinasi|Canning Indonesian Products, PT|null|owlsameAs
37574|Pronas Kornet Daging Sapi Classic Rasa Keju |Canning Indonesian Products, PT|null|45780|Take Away Cafe Nasi Ayam Lada Hitam|Canning Indonesian Products, PT|null|seeAlso
37574|Pronas Kornet Daging Sapi Classic Rasa Keju |Canning Indonesian Products, PT|null|32096|Pronas Kornet Daging Sapi Classic Rasa Original |Canning Indonesian Products, PT|null|owlsameAs
37574|Pronas Kornet Daging Sapi Classic Rasa Keju |Canning Indonesian Products, PT|null|37345|Pronas Sosis Ayam|Canning Indonesian Products, PT|null|seeAlso
37574|Pronas Kornet Daging Sapi Classic Rasa Keju |Canning Indonesian Products, PT|null|37684|Pronas Rendang Daging Sapi|Canning Indonesian Products, PT|null|seeAlso

39983|Roti Electro Bake Crushing Orange BECB14 BO 02 04D |SRIBOGA BAKERIES INTEGRA, PT|null|39421|Roti Manis Ayam Rica rica Chicken Rica rica |SRIBOGA BAKERIES INTEGRA, PT|null|seeAlso
39983|Roti Electro Bake Crushing Orange BECB14 BO 02 04D |SRIBOGA BAKERIES INTEGRA, PT|null|39646|Roti Tawar Coklat 2 3 Slice|SRIBOGA BAKERIES INTEGRA, PT|null|seeAlso
39983|Roti Electro Bake Crushing Orange BECB14 BO 02 04D |SRIBOGA BAKERIES INTEGRA, PT|null|40075|Roti Electro Bake Crushing White BW 07 04 |SRIBOGA BAKERIES INTEGRA, PT|null|owlsameAs
39983|Roti Electro Bake Crushing Orange BECB14 BO 02 04D |SRIBOGA BAKERIES INTEGRA, PT|null|34297|Roti Pizza Sosis Ayam Chicken Sausage Pizza |SRIBOGA BAKERIES INTEGRA, PT|null|seeAlso
39983|Roti Electro Bake Crushing Orange BECB14 BO 02 04D |SRIBOGA BAKERIES INTEGRA, PT|null|39968|Roti Oven Bake Crushing White BOA1 BWNR |SRIBOGA BAKERIES INTEGRA, PT|null|seeAlso

32889|Nissin Biskuit Mini Stick |Nissin Biscuit Indonesia, PT|null|33259|Nissin Lovely Biskuit Dengan Krim Lemon|Nissin Biscuit Indonesia, PT|null|seeAlso
32889|Nissin Biskuit Mini Stick |Nissin Biscuit Indonesia, PT|null|31854|Monde Biskuit Marie Susu|Nissin Biscuit Indonesia, PT|null|seeAlso
32889|Nissin Biskuit Mini Stick |Nissin Biscuit Indonesia, PT|null|32914|Nissin Biskuit Krim Rasa Mentega|Nissin Biscuit Indonesia, PT|null|owlsameAs
32889|Nissin Biskuit Mini Stick |Nissin Biscuit Indonesia, PT|null|33334|Nissin Wafer Krim Rasa Karamel|Nissin Biscuit Indonesia, PT|null|seeAlso
32889|Nissin Biskuit Mini Stick |Nissin Biscuit Indonesia, PT|null|33159|Nissin Krekers Mini Stick Crackers |Nissin Biscuit Indonesia, PT|null|seeAlso

3115|ATROGEN MINUMAN YOGURT DENGAN JUS BUAH BUAHAN PERISA MIXED TROPICAL DENGAN NATA DE COCO ATROGEN YOGURT DRINK WITH NATA DE COCO MIXED TROPICAL FLAVOUR|NUTRIVO DAIRY INDUSTRY (M) SDN.BHD|null|3369|ATROGEN MINUMAN SUSU KULTUR DENGAN JUS BUAH BUAHAN PERISA ORANGE ATROGEN CULTURED MILK DRINK ORANGE FLAVOUR |NUTRIVO DAIRY INDUSTRY (M) SDN.BHD|null|seeAlso
3115|ATROGEN MINUMAN YOGURT DENGAN JUS BUAH BUAHAN PERISA MIXED TROPICAL DENGAN NATA DE COCO ATROGEN YOGURT DRINK WITH NATA DE COCO MIXED TROPICAL FLAVOUR|NUTRIVO DAIRY INDUSTRY (M) SDN.BHD|null|3709|ATROGEN MINUMAN SUSU KULTUR DENGAN JUS BUAH BUAHAN PERISA APPLE ATROGEN CULTURE MILK DRINK APPLE FLAVOUR |NUTRIVO DAIRY INDUSTRY (M) SDN.BHD|null|seeAlso
3115|ATROGEN MINUMAN YOGURT DENGAN JUS BUAH BUAHAN PERISA MIXED TROPICAL DENGAN NATA DE COCO ATROGEN YOGURT DRINK WITH NATA DE COCO MIXED TROPICAL FLAVOUR|NUTRIVO DAIRY INDUSTRY (M) SDN.BHD|null|3400|ATROGEN MINUMAN YOGURT DENGAN JUS BUAH BUAHAN PERISA STRAWBERRY DENGAN NATA DE COCO ATROGEN YOGURT DRINK WITH NATA DE COCO STRAWBERRY FLAVOUR |NUTRIVO DAIRY INDUSTRY (M) SDN.BHD|null|owlsameAs
3115|ATROGEN MINUMAN YOGURT DENGAN JUS BUAH BUAHAN PERISA MIXED TROPICAL DENGAN NATA DE COCO ATROGEN YOGURT DRINK WITH NATA DE COCO MIXED TROPICAL FLAVOUR|NUTRIVO DAIRY INDUSTRY (M) SDN.BHD|null|2917|ATROGEN MINUMAN YOGURT DENGAN JUS BUAH BUAHAN PERISA MANGO ATROGEN YOGURT DRINK MANGO FLAVOUR |NUTRIVO DAIRY INDUSTRY (M) SDN.BHD|null|owlsameAs

9260|CANNED TUNA IN VEGETABLE OIL TRITUNA |PT. BANYUWANGI CANNERY INDONESIA|null|9222|CANNED TUNA SALAD SUNNARA |PT. BANYUWANGI CANNERY INDONESIA|null|seeAlso
9260|CANNED TUNA IN VEGETABLE OIL TRITUNA |PT. BANYUWANGI CANNERY INDONESIA|null|9449|CANNED TUNA IN VEGETABLE OIL SIBLUE |PT. BANYUWANGI CANNERY INDONESIA|null|owlsameAs
9260|CANNED TUNA IN VEGETABLE OIL TRITUNA |PT. BANYUWANGI CANNERY INDONESIA|null|9290|CANNED TUNA IN VEGETABLE OIL FI |PT. BANYUWANGI CANNERY INDONESIA|null|owlsameAs
9260|CANNED TUNA IN VEGETABLE OIL TRITUNA |PT. BANYUWANGI CANNERY INDONESIA|null|8987|CANNED TUNA IN VEGETABLE OIL OMQ AL MOHET |PT. BANYUWANGI CANNERY INDONESIA|null|owlsameAs
9260|CANNED TUNA IN VEGETABLE OIL TRITUNA |PT. BANYUWANGI CANNERY INDONESIA|null|9090|CANNED TUNA IN VEGETABLE OIL ALMADINA |PT. BANYUWANGI CANNERY INDONESIA|null|owlsameAs

34507|P101 Series AA0073 Series|PT Tudung Putra Putri Jaya - Ingredient Division|null|34792|P102 Series BH00413 Series|PT Tudung Putra Putri Jaya - Ingredient Division|null|owlsameAs
34507|P101 Series AA0073 Series|PT Tudung Putra Putri Jaya - Ingredient Division|null|34703|P102 Series BP00203 Series|PT Tudung Putra Putri Jaya - Ingredient Division|null|owlsameAs
34507|P101 Series AA0073 Series|PT Tudung Putra Putri Jaya - Ingredient Division|null|34339|P101 Series AG0012 Series|PT Tudung Putra Putri Jaya - Ingredient Division|null|owlsameAs
34507|P101 Series AA0073 Series|PT Tudung Putra Putri Jaya - Ingredient Division|null|34482|P101 Series AA0032 Series|PT Tudung Putra Putri Jaya - Ingredient Division|null|owlsameAs
34507|P101 Series AA0073 Series|PT Tudung Putra Putri Jaya - Ingredient Division|null|34317|P102 Series BC00307 Series|PT Tudung Putra Putri Jaya - Ingredient Division|null|owlsameAs
34507|P101 Series AA0073 Series|PT Tudung Putra Putri Jaya - Ingredient Division|null|34724|P102 Series BH00502 Series|PT Tudung Putra Putri Jaya - Ingredient Division|null|owlsameAs
34507|P101 Series AA0073 Series|PT Tudung Putra Putri Jaya - Ingredient Division|null|34528|P102 Series BA01201 Series|PT Tudung Putra Putri Jaya - Ingredient Division|null|owlsameAs

18443|Geboooyku Kornet Daging Ayam Kornet Bentuk Udang |PETRA SEJAHTERA ABADI, PT|null|29653|Mabell Rolade Sapi dan Ayam|PETRA SEJAHTERA ABADI, PT|null|seeAlso
18443|Geboooyku Kornet Daging Ayam Kornet Bentuk Udang |PETRA SEJAHTERA ABADI, PT|null|18248|Geboooyku Naget Ayam Bentuk Hati|PETRA SEJAHTERA ABADI, PT|null|seeAlso
18443|Geboooyku Kornet Daging Ayam Kornet Bentuk Udang |PETRA SEJAHTERA ABADI, PT|null|29909|Mabell Daging Ayam Berbumbu Spicy Chicken |PETRA SEJAHTERA ABADI, PT|null|seeAlso
18443|Geboooyku Kornet Daging Ayam Kornet Bentuk Udang |PETRA SEJAHTERA ABADI, PT|null|29681|Mabell Sosis Daging Sapi dan Ayam Kombinasi Rasa Keju Cheesy Beef |PETRA SEJAHTERA ABADI, PT|null|seeAlso
18443|Geboooyku Kornet Daging Ayam Kornet Bentuk Udang |PETRA SEJAHTERA ABADI, PT|null|18375|Geboooyku Kornet Daging Ayam Bentuk Lolly |PETRA SEJAHTERA ABADI, PT|null|owlsameAs

25436|Kogen Biskuit Marie|Khong Guan Biscuit Factory Indonesia Ltd, PT|null|24686|Kogen Monte Carlo Biskuit dengan Krim Rasa Lemon|Khong Guan Biscuit Factory Indonesia Ltd, PT|null|seeAlso
25436|Kogen Biskuit Marie|Khong Guan Biscuit Factory Indonesia Ltd, PT|null|25326|Khong Guan Biskuit Aneka Rasa Etiket Merah |Khong Guan Biscuit Factory Indonesia Ltd, PT|null|seeAlso
25436|Kogen Biskuit Marie|Khong Guan Biscuit Factory Indonesia Ltd, PT|null|24772|Khong Guan Biskuit Marie Cokelat|Khong Guan Biscuit Factory Indonesia Ltd, PT|null|seeAlso
25436|Kogen Biskuit Marie|Khong Guan Biscuit Factory Indonesia Ltd, PT|null|25082|Khong Guan Bestway Biskuit dengan Krim Custard|Khong Guan Biscuit Factory Indonesia Ltd, PT|null|seeAlso
25436|Kogen Biskuit Marie|Khong Guan Biscuit Factory Indonesia Ltd, PT|null|24828|Kogen Biskuit Susu Milk Shortcake |Khong Guan Biscuit Factory Indonesia Ltd, PT|null|owlsameAs
25436|Kogen Biskuit Marie|Khong Guan Biscuit Factory Indonesia Ltd, PT|null|25278|Kogen Biskuit Kelapa|Khong Guan Biscuit Factory Indonesia Ltd, PT|null|owlsameAs

9816|Caramel Color 034|D.D.Williamson Ingredients (Shanghai) Ltd.|null|9565|Caramel Color 552|D.D.Williamson Ingredients (Shanghai) Ltd.|null|owlsameAs
9816|Caramel Color 034|D.D.Williamson Ingredients (Shanghai) Ltd.|null|18318|Garam|UD JANGKAR WAJA|null|seeAlso

26438|LARUTAN PENYEGAR ESPE RASA LECI|Sinde Budi Sentosa, PT|null|44755|TEANGIN CAP BADAK|Sinde Budi Sentosa, PT|null|seeAlso
26438|LARUTAN PENYEGAR ESPE RASA LECI|Sinde Budi Sentosa, PT|null|26533|LARUTAN PENYEGAR CAP BADAK 200 ML|Sinde Budi Sentosa, PT|null|seeAlso
26438|LARUTAN PENYEGAR ESPE RASA LECI|Sinde Budi Sentosa, PT|null|26746|LARUTAN PENYEGAR ESPE RASA APEL|Sinde Budi Sentosa, PT|null|owlsameAs
26438|LARUTAN PENYEGAR ESPE RASA LECI|Sinde Budi Sentosa, PT|null|12868|DELIPO RASA BUAH JAMBU|Sinde Budi Sentosa, PT|null|seeAlso
26438|LARUTAN PENYEGAR ESPE RASA LECI|Sinde Budi Sentosa, PT|null|26513|LASEGAR ESPE RASA SIRSAK|Sinde Budi Sentosa, PT|null|seeAlso

59173|compound ice cream emulsifying thickener LD 06A |ZHEJIANG SYNOSE TECH CO., LTD.|null|63996|glucose pentaacetate|ZHEJIANG SYNOSE TECH CO., LTD.|null|seeAlso
59173|compound ice cream emulsifying thickener LD 06A |ZHEJIANG SYNOSE TECH CO., LTD.|null|58807|compound vegetable protein drinks emulsifying thickener DR 10 |ZHEJIANG SYNOSE TECH CO., LTD.|null|seeAlso
59173|compound ice cream emulsifying thickener LD 06A |ZHEJIANG SYNOSE TECH CO., LTD.|null|61874|emulsifying thickener of compound Chinese eight ingredients porridge and can type A DR 18B |ZHEJIANG SYNOSE TECH CO., LTD.|null|seeAlso
59173|compound ice cream emulsifying thickener LD 06A |ZHEJIANG SYNOSE TECH CO., LTD.|null|58620|compound vegetable protein drinks emulsifying thickener DR 17 |ZHEJIANG SYNOSE TECH CO., LTD.|null|seeAlso
59173|compound ice cream emulsifying thickener LD 06A |ZHEJIANG SYNOSE TECH CO., LTD.|null|58869|compound ice cream bar emulsifying thickener DR 32L 1 |ZHEJIANG SYNOSE TECH CO., LTD.|null|owlsameAs
59173|compound ice cream emulsifying thickener LD 06A |ZHEJIANG SYNOSE TECH CO., LTD.|null|58649|compound ice cream emulsifying thickener LD 1312 |ZHEJIANG SYNOSE TECH CO., LTD.|null|owlsameAs

35504|POP DRINGK Minuman Serbuk Instan Rasa Gula Asam|PT. Forisa Nusapersada|null|40997|SISRI Minuman Serbuk Instan Rasa Teh Manis|PT. Forisa Nusapersada|null|seeAlso
35504|POP DRINGK Minuman Serbuk Instan Rasa Gula Asam|PT. Forisa Nusapersada|null|40900|SISRI Minuman Serbuk Teh Instan Apel|PT. Forisa Nusapersada|null|seeAlso
35504|POP DRINGK Minuman Serbuk Instan Rasa Gula Asam|PT. Forisa Nusapersada|null|35578|POP DRINGK Minuman Serbuk Instan Rasa Jambu Biji|PT. Forisa Nusapersada|null|owlsameAs
35504|POP DRINGK Minuman Serbuk Instan Rasa Gula Asam|PT. Forisa Nusapersada|null|23179|KALSIO Minuman Serbuk Rasa Susu Belgian Chocolate|PT. Forisa Nusapersada|null|seeAlso
35504|POP DRINGK Minuman Serbuk Instan Rasa Gula Asam|PT. Forisa Nusapersada|null|35181|POP ICE Minuman Serbuk Mengandung Susu Rasa Coklat Susu|PT. Forisa Nusapersada|null|seeAlso

34316|P102 Series BG01103 Series|PT Tudung Putra Putri Jaya - Ingredient Division|null|34386|P102 Series BH00802 Series|PT Tudung Putra Putri Jaya - Ingredient Division|null|owlsameAs
34316|P102 Series BG01103 Series|PT Tudung Putra Putri Jaya - Ingredient Division|null|34624|P101 Series AF0072 Series|PT Tudung Putra Putri Jaya - Ingredient Division|null|seeAlso
34316|P102 Series BG01103 Series|PT Tudung Putra Putri Jaya - Ingredient Division|null|34737|P102 Series BI01202 Series|PT Tudung Putra Putri Jaya - Ingredient Division|null|owlsameAs
34316|P102 Series BG01103 Series|PT Tudung Putra Putri Jaya - Ingredient Division|null|34450|P102 Series BE00804 Series|PT Tudung Putra Putri Jaya - Ingredient Division|null|owlsameAs
34316|P102 Series BG01103 Series|PT Tudung Putra Putri Jaya - Ingredient Division|null|34703|P102 Series BP00203 Series|PT Tudung Putra Putri Jaya - Ingredient Division|null|owlsameAs

45003|TEGO BETAIN L10 S|Evonik Sumi Asih, PT|null|44887|TEGO AMID CNA|Evonik Sumi Asih, PT|null|seeAlso
45003|TEGO BETAIN L10 S|Evonik Sumi Asih, PT|null|18613|Gelatin|Narmada Gelatines Limited|null|seeAlso
45003|TEGO BETAIN L10 S|Evonik Sumi Asih, PT|null|45098|TEGO BETAIN L7 KB5|Evonik Sumi Asih, PT|null|owlsameAs

20622|Hexos Bebas Gula Lemon Mint Lokal dan Ekspor |KONIMEX, PT|null|21818|Inspiree rasa Eucalyptus Mint Bebas Gula|KONIMEX, PT|null|seeAlso
20622|Hexos Bebas Gula Lemon Mint Lokal dan Ekspor |KONIMEX, PT|null|32416|Nano Nano Salsa Asem|KONIMEX, PT|null|seeAlso
20622|Hexos Bebas Gula Lemon Mint Lokal dan Ekspor |KONIMEX, PT|null|32635|Nano Nano Milky rasa Mangga Vanila|KONIMEX, PT|null|seeAlso
20622|Hexos Bebas Gula Lemon Mint Lokal dan Ekspor |KONIMEX, PT|null|20453|Hexos Lemon Mint Lokal dan Ekspor |KONIMEX, PT|null|seeAlso
20622|Hexos Bebas Gula Lemon Mint Lokal dan Ekspor |KONIMEX, PT|null|20231|Hexos Bebas Gula Teh Hijau Mint Lokal dan Ekspor |KONIMEX, PT|null|owlsameAs

23162|KOBE Tepung Bumbu|KOBE BOGA UTAMA, PT|null|24725|Kobe Boncabe Sambal Tabur Rasa Original Level 30|KOBE BOGA UTAMA, PT|null|seeAlso
23162|KOBE Tepung Bumbu|KOBE BOGA UTAMA, PT|null|23368|KOBE Tepung Kentucky Original plus Bumbu perendam|KOBE BOGA UTAMA, PT|null|seeAlso
23162|KOBE Tepung Bumbu|KOBE BOGA UTAMA, PT|null|27970|MAGGI Taste of Asia Green Curry Paste|KOBE BOGA UTAMA, PT|null|seeAlso
23162|KOBE Tepung Bumbu|KOBE BOGA UTAMA, PT|null|17613|Frozen Batter Breader Tepung Frozen |KOBE BOGA UTAMA, PT|null|seeAlso
23162|KOBE Tepung Bumbu|KOBE BOGA UTAMA, PT|null|23410|KOBE BonChili Original flavour level 15|KOBE BOGA UTAMA, PT|null|seeAlso
23162|KOBE Tepung Bumbu|KOBE BOGA UTAMA, PT|null|23220|KOBE Tepung Bumbu Kremes|KOBE BOGA UTAMA, PT|null|owlsameAs

8383|Butterfield Lykecol Dark Green 4702|CV VERRA CO|null|38902|Red Bell Scarlet Red 9407|CV VERRA CO|null|seeAlso
8383|Butterfield Lykecol Dark Green 4702|CV VERRA CO|null|8470|Butterfield Lykecol Dark Brown 7703|CV VERRA CO|null|owlsameAs
8383|Butterfield Lykecol Dark Green 4702|CV VERRA CO|null|8041|Butterfield Lyncol Black 1332|CV VERRA CO|null|owlsameAs
8383|Butterfield Lykecol Dark Green 4702|CV VERRA CO|null|8315|Butterfield Lyncol Dark Red 1210|CV VERRA CO|null|owlsameAs
8383|Butterfield Lykecol Dark Green 4702|CV VERRA CO|null|8323|Butterfield Sunset Yellow SD|CV VERRA CO|null|seeAlso

18300|Galicol Choco Brown|Galic Bina Mada, PT|null|17966|Galicol Cogilor Brown MR|Galic Bina Mada, PT|null|owlsameAs
18300|Galicol Choco Brown|Galic Bina Mada, PT|null|17946|Galicol Cogilor Red 40|Galic Bina Mada, PT|null|seeAlso
18300|Galicol Choco Brown|Galic Bina Mada, PT|null|18028|Galicol Cogilor Brown CF|Galic Bina Mada, PT|null|owlsameAs
18300|Galicol Choco Brown|Galic Bina Mada, PT|null|18308|Galicol Erythrosine Lake|Galic Bina Mada, PT|null|seeAlso
18300|Galicol Choco Brown|Galic Bina Mada, PT|null|17868|Galicol Egg Yellow S|Galic Bina Mada, PT|null|seeAlso

46792|Tropicana Slim Sugar Free Drink Cappuccino|Nutrifood Indonesia, PT|null|33279|Nutrisari Jambu Biji 250 G|Nutrifood Indonesia, PT|null|seeAlso
46792|Tropicana Slim Sugar Free Drink Cappuccino|Nutrifood Indonesia, PT|null|33086|Nutrisari Jeruk Nipis 11 g|Nutrifood Indonesia, PT|null|seeAlso
46792|Tropicana Slim Sugar Free Drink Cappuccino|Nutrifood Indonesia, PT|null|33107|Nutrisari Isotonic Orange Lemon|Nutrifood Indonesia, PT|null|seeAlso
46792|Tropicana Slim Sugar Free Drink Cappuccino|Nutrifood Indonesia, PT|null|16413|Fresh Up Peach eksport |Nutrifood Indonesia, PT|null|seeAlso
46792|Tropicana Slim Sugar Free Drink Cappuccino|Nutrifood Indonesia, PT|null|47099|Tropicana Slim Sugar Free Drink Caffe Latte with Stevia|Nutrifood Indonesia, PT|null|owlsameAs

19817|HANIN WAFER RASA VANILLA|PT JAVAINDO MAJU SEJAHTERA|null|32367|NUMBRO WAFER KRIM RASA DURIAN|PT JAVAINDO MAJU SEJAHTERA|null|seeAlso
19817|HANIN WAFER RASA VANILLA|PT JAVAINDO MAJU SEJAHTERA|null|19759|HANIN WAFER RASA STROBERI|PT JAVAINDO MAJU SEJAHTERA|null|owlsameAs
19817|HANIN WAFER RASA VANILLA|PT JAVAINDO MAJU SEJAHTERA|null|12996|D ONE WAFER RASA KEJU|PT JAVAINDO MAJU SEJAHTERA|null|seeAlso
19817|HANIN WAFER RASA VANILLA|PT JAVAINDO MAJU SEJAHTERA|null|23661|KISI WAFER ROLL RASA KEJU|PT JAVAINDO MAJU SEJAHTERA|null|seeAlso
19817|HANIN WAFER RASA VANILLA|PT JAVAINDO MAJU SEJAHTERA|null|23427|KISI WAFER ROLL RASA COKLAT KACANG|PT JAVAINDO MAJU SEJAHTERA|null|seeAlso

3688|Agarin 1065|PT. Agarindo Bogatama|null|3453|Agarin 665|PT. Agarindo Bogatama|null|owlsameAs

40949|STAR PEANUT BUTTER SPREAD|Bintang Jaya Baharriski, PT|null|34227|OLESAN COKELAT GREEN TEA DAN BISKUIT OREO|Bintang Jaya Baharriski, PT|null|seeAlso
40949|STAR PEANUT BUTTER SPREAD|Bintang Jaya Baharriski, PT|null|23493|KIMS JAM CHOCOLATE AND COOKIES SPREAD|Bintang Jaya Baharriski, PT|null|seeAlso
40949|STAR PEANUT BUTTER SPREAD|Bintang Jaya Baharriski, PT|null|9332|CHOCOMORY GREENTEA SPREAD|Bintang Jaya Baharriski, PT|null|seeAlso
40949|STAR PEANUT BUTTER SPREAD|Bintang Jaya Baharriski, PT|null|12668|DELIZ WHITE CHOCO BANANA FLAVORED SPREAD|Bintang Jaya Baharriski, PT|null|seeAlso
40949|STAR PEANUT BUTTER SPREAD|Bintang Jaya Baharriski, PT|null|41220|STAR HONEY PEANUT BUTTER SPREAD|Bintang Jaya Baharriski, PT|null|owlsameAs

34506|P102 Series BR00501 Series|PT Tudung Putra Putri Jaya - Ingredient Division|null|34497|P102 Series BH00913 Series|PT Tudung Putra Putri Jaya - Ingredient Division|null|owlsameAs
34506|P102 Series BR00501 Series|PT Tudung Putra Putri Jaya - Ingredient Division|null|34433|P102 Series BC00508 Series|PT Tudung Putra Putri Jaya - Ingredient Division|null|owlsameAs
34506|P102 Series BR00501 Series|PT Tudung Putra Putri Jaya - Ingredient Division|null|34361|P102 Series BE00703 Series|PT Tudung Putra Putri Jaya - Ingredient Division|null|owlsameAs
34506|P102 Series BR00501 Series|PT Tudung Putra Putri Jaya - Ingredient Division|null|34620|P102 Series BC00408 Series|PT Tudung Putra Putri Jaya - Ingredient Division|null|owlsameAs
34506|P102 Series BR00501 Series|PT Tudung Putra Putri Jaya - Ingredient Division|null|34403|P102 Series BQ00801 Series|PT Tudung Putra Putri Jaya - Ingredient Division|null|owlsameAs
34506|P102 Series BR00501 Series|PT Tudung Putra Putri Jaya - Ingredient Division|null|34493|P102 Series BA03801 Series|PT Tudung Putra Putri Jaya - Ingredient Division|null|owlsameAs
34506|P102 Series BR00501 Series|PT Tudung Putra Putri Jaya - Ingredient Division|null|34676|P102 Series BG00903 Series|PT Tudung Putra Putri Jaya - Ingredient Division|null|owlsameAs
34506|P102 Series BR00501 Series|PT Tudung Putra Putri Jaya - Ingredient Division|null|34450|P102 Series BE00804 Series|PT Tudung Putra Putri Jaya - Ingredient Division|null|owlsameAs
34506|P102 Series BR00501 Series|PT Tudung Putra Putri Jaya - Ingredient Division|null|34883|P102 Series BA00201 Series|PT Tudung Putra Putri Jaya - Ingredient Division|null|owlsameAs
34506|P102 Series BR00501 Series|PT Tudung Putra Putri Jaya - Ingredient Division|null|34316|P102 Series BG01103 Series|PT Tudung Putra Putri Jaya - Ingredient Division|null|owlsameAs
